id,name,popularity,genres
2R21vXR83lH98kGeO99Y66,Anuel AA,89,reggaeton;trap latino;urbano latino;latin
4SsVbpTthjScTS7U2hmr1X,Arcángel,86,reggaeton;trap latino;urbano latino
4q3ewBCX7sLwd24euuV69X,Bad Bunny,98,reggaeton;trap latino;urbano latino;latin
2C6i0I5RiGzDKN9IAF8reh,Banda MS de Sergio Lizárraga,81,banda;norteño;grupera;música mexicana;ranchera;corrido
0v7JYEoQOQbzNNESKwxmzT,Banda Tierra Sagrada,62,banda;corrido
5QS9NAK4AgJPTcRe472pZA,Bb trickz,62,
4obzFoKoKRHIphyHzJ35G3,Becky G,77,reggaeton;latin
0cr0zp1CI5bVOrXaVzfpUI,bic,33,
716NhGYqD1jl2wI1Qkgq36,Bizarrap,81,argentine trap;trap latino;urbano latino
6w3SkAHYPsQ1bxV7VDlG5y,Cazzu,76,argentine trap;trap latino;turreo
1Yj5Xey7kTwvZla8sqdsdE,Cris MJ,83,reggaeton chileno;chilean trap;chilean mambo;reggaeton
4VMYDCV2IEDYJArk749S6m,Daddy Yankee,89,reggaeton;latin
1bAftSH8umNcGZ0uyV7LMg,Duki,81,argentine trap;trap;trap latino
5XJDexmWFLWOkjOEjOVX3e,Eladio Carrion,81,trap latino;urbano latino
0AqlFI0tz2DsEoJlKSIiT9,Emilia,76,argentine trap
0XeEobZplHxzM9QzFQWLiR,Eslabon Armado,78,corridos tumbados;sad sierreño;corrido;sierreño;música mexicana;corridos bélicos
2LRoIwlKmHjgvigdNGBHNo,Feid,88,reggaeton;urbano latino
0ys2OFYzWYB5hRDLCsBqxt,Fuerza Regida,92,corrido;corridos tumbados;corridos bélicos;música mexicana;sierreño;banda;sad sierreño;electro corridos
6Sbl0NT50roqWvy746MfVf,Gabito Ballesteros,82,corrido;corridos tumbados;corridos bélicos;música mexicana;sad sierreño;electro corridos;sierreño;banda
1dKdetem2xEmjgvyymzytS,Grupo Firme,83,banda;corrido;norteño;sierreño;grupera;ranchera;música mexicana
6XkjpgcEsYab502Vr1bBeW,Grupo Frontera,86,cumbia norteña;banda;norteño;música mexicana;corrido;corridos tumbados;grupera;tejano;ranchera
7Gi6gjaWy3DxyilpF1a8Is,Junior H,90,corridos tumbados;corrido;corridos bélicos;sad sierreño;sierreño;música mexicana;banda
790FomKkXshlbRYZFtlgla,KAROL G,89,reggaeton;latin;urbano latino
4m6ubhNsdwF4psNf3R8kwR,KHEA,74,argentine trap;trap;trap latino
49EE6lVLgU8sp7dFgPshgM,La Adictiva,72,banda;norteño;grupera
5bSfBBCxY8QAk4Pifveisz,La Arrolladora Banda El Limón De Rene Camacho,83,banda;norteño;grupera
4IRXvbsbSP4oHm4adUdQlt,Laura sad,34,
4UqfXEVibVEPfoopm7Pduc,Los 2 de la S,57,banda;sierreño;norteño
0pePYDrJGk8gqMRbXrLJC8,Luis R Conriquez,83,corrido;corridos bélicos;corridos tumbados;electro corridos;dembow belico;banda;sierreño;sad sierreño;música mexicana
19HM5j0ULGSmEoRcrSe5x3,Milo j,85,argentine trap
0Q8NcsJwoCbZOHHW63su5S,Mora,83,urbano latino;trap latino;reggaeton
7iK8PXO48WeuP03g8YR51W,Myke Towers,87,reggaeton;trap latino;urbano latino
0elWFr7TW8piilVRYJUe4P,Natanael Cano,86,corridos tumbados;corrido;corridos bélicos;sierreño;sad sierreño;electro corridos;música mexicana;banda
2UZIAOlrnyZmyzt1nuXr9y,Nicki Nicole,75,argentine trap
3l9G1G9MxH6DaRhwLklaf5,Oscar Maydon,84,corrido;corridos tumbados;corridos bélicos;electro corridos;dembow belico;sad sierreño;sierreño
1i8SpTcr7yvPOmcqrbnVXY,Ozuna,89,reggaeton;trap latino;latin;urbano latino
3vQ0GE3mI0dAaxIMYe5g7z,Paulo Londra,77,argentine trap;trap latino;reggaeton
12GqGscKJx3aE4t07u7eVZ,Peso Pluma,89,corrido;corridos tumbados;corridos bélicos;música mexicana;sad sierreño;banda
52iwsT98xCoGgiGntTiR7K,Quevedo,84,
1mcTU81TzQhprhouKaTkpq,Rauw Alejandro,90,reggaeton;urbano latino;trap latino;latin
04mTej6RpWzBxGwhfThpIi,Rojuu,62,hyperpop
3QchzUOTSCKWmaRGEEiuir,Saramalacara,58,hyperpop;argentine trap
77ziqFxp5gaInVrF2lj4ht,Sech,80,reggaeton;urbano latino
0GM7qgcRCORpGnfcN2tCiB,Tainy,80,reggaeton
5eumcnUkdmGvkvcsx1WFNG,Tito Double P,86,corrido;corridos tumbados;corridos bélicos;electro corridos;dembow belico;música mexicana
0eHQ9o50hj6ZDNBt6Ys1sD,Yandel,79,reggaeton;urbano latino;latin
3qsKSpcV3ncke3hw52JSMB,Young Miko,78,trap latino
4aSlfXDn9R60UlbZEboBUy,YOVNGCHIMI,70,trap latino;urbano latino
1KUm2LsC3HnPKHvIoo4cKu,Ysrael Barajas,63,electro corridos;corrido;corridos tumbados;corridos bélicos;dembow belico;sad sierreño
12vb80Km0Ew53ABfJOepVz,Ñengo Flow,83,reggaeton;trap latino
5QzDzXfXC5lepOBeQXBiVO,Marciano Cantero,62,rock en español;mexican rock;latin rock
2R7uy52biUCTdDH0OctTPU,Ed Maverick,38,sad sierreño;corridos tumbados
0f6U482Lbo91QNqNFH4Tat,Nesi,44,dembow;trap latino
135NPMwCC5HMWfbLl3BjyX,Marca MP,40,corridos tumbados;sad sierreño;corrido
2kMVBdVpeeZOVpeirhykCc,DommoBeats,35,
5ZGrM7y0Z6yF3s9dBjHWi9,Grupo Clasificado,66,corrido;corridos bélicos;sierreño;corridos tumbados
5dbaLmK5SHLLg8Z4CcTJpX,Greeicy,70,colombian pop;pop urbano
1uZVxckdGGKhFMpCnupXmP,Los Pleneros de la Cresta,64,
0XK6kT7xcZAlcYrNjOgzJe,Carla Morrison,73,latin indie
2BJWqrBKEqtZUKWtzmpPDj,Tobal Mj,66,reggaeton chileno;chilean trap;chilean mambo;mambo
1aWJsBQa67l72j1VT3D6Ow,Micro TDH,70,
0yjlGMMFuIci8JCTAOb2AU,K4,31,argentine trap
7CvTknweLr9feJtRGrpDBy,FloyyMenor,77,reggaeton chileno
2dIgFjalVxs4ThymZ67YCE,Stray Kids,87,k-pop;noise music
4A4qYy2jK9DDN1OHV0nLkH,Código FN,69,corrido;corridos bélicos;corridos tumbados;electro corridos;norteño;banda;dembow belico;sierreño;sad sierreño
1E7XNYAEwSLSAiLDYRMs1G,Albert Hype,27,
47MpMsUfWtgyIIBEFOr4FE,Lunay,70,reggaeton
0WI8OfWCRvK4nGHmKfFQmd,Alex Zurdo,69,christian reggaeton;christian;christian reggae;christian hip hop;christian pop
0vZ2W0xkBCHRGNkb8seYtQ,Jesus Payan,29,corridos bélicos;corrido
6sXu0pNqYJNlS46xqSwKxZ,Alcalde La Sonora,56,cumbia sonidera;cumbia;electrocumbia
37MCoi4pcUf9EKsPXeuCqU,Tan Bionica,70,argentine rock
20lftkHSXXaaNVpe3Y2W2J,Banda La Fugitiva De Mike Miramontes,49,banda
0y5H4Nr7bNWfBINIh8671t,Fresy Franklin,20,trap latino
22dFwJoRBV51ue5TGnC7Dt,Beny Jr,74,drill
29fkrV8IuMETQBv8PgC6Lw,Mattei,54,rkt
2e5kXDvESsDPMyuQZ0qouH,Shootter Ledo,39,trap latino
1C5ow4APQX75JXTiHRU5fR,KolomB,11,
0d7jzRhjOifL8X9hxNvbEn,El Micha,53,timba;salsa
3MrDVzg7ZXaYMyQmbDInr7,WIU,73,brazilian trap;trap;trap funk;brazilian hip hop
09T10LRB7GvEn4bUNTWGVv,Alexis y Zion,26,
5CLkLBa8amfsdvs6b1R7Cv,Alejandro Buelna,38,corridos tumbados;corrido;corridos bélicos;sad sierreño
0eHWAfgyxZWAKR6NZ8nsd9,Julio Voltio,51,latin hip hop
5c8ZR64evQ00Spl73s76fo,Chuyin,73,corrido;corridos tumbados;corridos bélicos
7IiCm7VkqzW7vN0MY9AzHe,José Guicho,49,electro corridos;dembow belico;corrido;corridos bélicos;corridos tumbados
4ixNZvQuuzCDxBsxO9zE6L,Gonzy,62,
4YYxffPVDFe9XoqqbRW6Bq,L-Gante,64,rkt;turreo
1zQGq31aajlt5qvmHyrwQn,Luis Carrillo,64,electro corridos;dembow belico;corrido
6TKygPpVT29oGUogu4J9Ec,Yan Block,83,
4fQPqLk2LwWrrc6OBMzXZj,Uriel Gaxiola,57,electro corridos;dembow belico;corridos tumbados;corrido;corridos bélicos
2jku7tDXc6XoB6MO2hFuqg,Tory Lanez,82,
0bsQ8jCTdRt3F8R5nNU3hw,Fetti031,44,dembow;trap latino
2O8vbr4RYPpk6MRA4fio7u,SAIKO,74,
3pTZ5sCcE1o2O9sWn5yQMg,Hydro,57,trap latino
3pkc0OK2BmkQKZNgsa8lOc,Joaqo,29,argentine trap
5X8Uu9qHN3KXLH2Fws87LB,Anubiis,57,trap latino
0rzgd5jwjTPDQfWcKp50AE,El Arma Secreta,13,trap latino
46K14JAfAHpxTSkb6KkFfN,Juicy BAE,53,neoperreo
1RyvyyTE3xzB2ZywiAwp0i,Future,91,rap
0BqURncJM5B1BBu7UM51eq,Guaynaa,64,reggaeton
4TnGh5PKbSjpYqpIdlW5nz,MONSTA X,62,k-pop;noise music
6pNgnvzBa6Bthsv8SrZJYl,Hatsune Miku,71,vocaloid
1PruL3P8slDEQAjSuOjuPd,Spiff TV,57,bachata
4cYbf45YbZptNISnhay0xH,ROA,79,trap latino
7y5vacxuCM2lyUEEPnQcwd,RobGz,49,trap latino
5kCv5opFav2P7nPl8FiEQx,Conep,54,trap latino
2x7PC78TmgqpEIjaGAZ0Oz,Trueno,77,argentine trap
3VHAySZQPlfGlNLslzXYpN,NATHY PELUSO,68,
2YTyoyU90b3CF5x91YjVaQ,Playero,56,reggaeton
07Hm9w6ksRaggaDBpN8RRd,0-600,51,argentine trap;trap
1UdLtKAD4FbM7r2XCfAWAs,william,54,finnish hip hop;finnish pop
1TtXnWcUs0FCkaZDPGYHdf,Darell,77,reggaeton;trap latino;dembow;urbano latino
6GI52t8N5F02MxU0g5U69P,Santana,72,
1zNqDE7qDGCsyzJwohVaoX,Anne-Marie,77,
7hNfq19HIL0PRumBReFlsp,La Cuatiza,45,corrido;corridos tumbados;corridos bélicos;electro corridos
2vZszD281Mt6bk3xL8Lhh1,Jr Torres,34,corridos tumbados;corrido;corridos bélicos
2mO8bWmorA4kDukv9Xbioj,Valerio Gaytán,26,banda
1mUJ5FdyqTx1UewE6z6imQ,Uziel Payan,40,corrido;corridos bélicos;sierreño
30CTTIqrcr82nS6B40j975,Robot95,60,mexican hip hop;latin hip hop
00XhexlJEXQstHimpZN910,Brytiago,76,trap latino;reggaeton;urbano latino;trap
4SN6H0xzsZfocwu58sBy0d,Meluchis,19,guaracha;tribal house
1iXdpCz3AeLEAvzqeNodt8,Victor Cibrian,63,corrido;corridos bélicos;corridos tumbados;banda;sierreño
5oNgAs7j5XcBMzWv3HAnHG,DJ Drama,62,southern hip hop
6UbmqUEgjLA6jAcXwbM1Z9,BIBI,67,k-pop;k-rap
31W5EY0aAly4Qieq6OFu6I,A Boogie Wit da Hoodie,80,melodic rap
25uiPmTg16RbhZWAqwLBy5,Charli xcx,84,hyperpop;art pop
0bUZrFj7rstq07E4iAJHgZ,KC Lights,50,house
4bthk9UfsYUYdcFyqxmSUU,Tears For Fears,76,new wave;synthpop
1QBIsAL0onqKUjlO8Nl9IM,Alex Coppel,39,corridos bélicos
11AFqsz5YS7kc3h3jPoCJi,Rsiete,18,
48vP5SxlTO6yOI7SLKIOQV,Obie Wanshot,54,argentine trap;trap
32Aw9aJJoXXC1Vn3zqzJbQ,TV Noise,32,bass house
4QsjdD4tkCOSUqRSDoazaM,Jakka,7,
2Atk4SWx7daQtItQBa735M,Yeri Mua,68,reggaeton mexa;electro corridos
7n2wHs1TKAczGzO7Dd2rGr,Shawn Mendes,83,
0vd9wwMIQeKaNQsaHUbcl2,Arsenal De Guerra,18,corrido;corridos bélicos
0QHgL1lAIqAw0HtD7YldmP,DJ Khaled,75,
5VdG4Pm8hryqK7jAkdFlIo,Cheo Gallego,49,
0rUu2qzqezBrCddX1RuUyJ,Omar Camacho,78,electro corridos;dembow belico;corrido;corridos tumbados
5KSiZki8gCESiSq0z35Ald,Fantomel,57,
7C69hD7HaCYbhgrVqYiHXU,Natalie López,11,sad sierreño;corridos tumbados;corrido;sierreño
55kBvzKEORCymfAWcBzGSb,Flagrant Drvms,19,latin house;tribal house;afro house;afro tech
2eA8qotLYMUNzlnjL8blKT,Tru Comers,46,boom bap;latin hip hop
2A3uvEbM1K4QWaviVVH5LQ,Maykol theyver,1,
5QdEbQJ3ylBnc3gsIASAT5,G Herbo,73,chicago drill;drill
3LKXWvXFWrkwUzJWxzwVpW,Tony Dize,73,reggaeton
71scL1K5Nu1Z7FgBkg3Gjk,Tadu Vázquez,48,argentine trap
3ou3XMRNmyDSy6gnC1bSgN,TAICHU,57,neoperreo;argentine trap
08KPwXKOzDrD25Otsx9IEP,Estrada,5,
23DYJsw4uSCguIqiTIDtcN,Southside,59,chicago drill
7ueBUDPDsj1mw0TEA3b9nY,Blacky Drippy,39,drill;new york drill
1tuNNda2SSH3o4lUms5K6C,Sebastian Esquivel,61,electro corridos;dembow belico;corrido;corridos bélicos;corridos tumbados
32YGQsNtuwyobFFnn8ikpe,Hijos De Barron,56,sierreño;corrido;norteño;banda;sad sierreño
5eCshP4zg9fMuQvc1LygXI,Sindicato Del Ritmo,33,
1lgtR3WlcFxEy6yPoOh0J2,Hozwal,50,trap latino
5cTFbgW0bCLX6aqRgFGwso,Gallagher,33,italian trap;argentine trap
5B2q0hvgjM3NbbKSmyylCQ,Wstuff,26,trap latino
2QUvtLq6oQaX0LNsYY2fas,Cauty,56,reggaeton;urbano latino
1CTYCiBGcZTsZBzYoa4pxM,Tapy Quintero,48,corrido;norteño;corridos bélicos
137W8MRPWKqSmrBGDBFSop,Wiz Khalifa,83,rap
0c173mlxpT3dSFRgMO8XPh,Big Sean,76,
0bcZsLQV8MCeU0ylWbw23p,Aqua VS,54,chilean trap;reggaeton chileno;chilean mambo
69UypehHabb68utzfjAVlV,Kany García,74,latin pop
28gNT5KBp7IjEOQoevXf9N,Camilo,80,colombian pop;pop urbano
2kqUKsTuEj1lPbm6BSn1AU,Rich Music LTD,64,reggaeton
4WzBqbc7fxl2y8XrznMSqf,Candelita,37,
65jIUih0ZeTUJhSTRuYxpi,Omy de Oro,54,trap latino;urbano latino
3Mcii5XWf6E0lrY3Uky4cA,Ice Cube,74,old school hip hop;gangster rap;west coast hip hop;g-funk;hip hop
5yo2KNGw3Z6a9n0Xiswb50,BROKIX,44,
08erObvNX7rs7d4pbuaRCQ,Di Genius,50,dancehall;soca;ragga
7FNnA9vBm6EKceENgCGRMb,Anitta,81,brazilian pop;funk pop;brazilian funk;funk carioca
0XIKGBo9PnK1ApI5tZA60d,DaniLeigh,56,r&b
3hJDFvn5at14nstUHxTvaV,T.Y.S,51,dembow
77AiFEVeAVj2ORpC85QVJs,Steve Aoki,72,electro house;edm
0IoWUuXfqpkfpxBRzthHU4,Codiciado,67,corrido;corridos bélicos;corridos tumbados;banda
59wfkuBoNyhDMQGCljbUbA,Diddy,73,hip hop;east coast hip hop
0YWTSwecJ4cKrEQjrh46la,Evar,48,argentine trap;hyperpop
5JpxOTduIHuTcuosdLBC14,Miranda León,59,electro corridos;sad sierreño;dembow belico
5EUy0phiO3drXdffqCJO9j,Rodel G,18,electro corridos;dembow belico
1Zkxm1dM3HI3QkTmxUEVQA,Los Gemelos De Sinaloa,67,corrido;corridos bélicos;corridos tumbados;sad sierreño;sierreño;música mexicana
34Y0ldeyUv7jBvukWOGASO,Bobby Shmurda,58,
6VOoiigTiLVgsMQPP1JOdC,Crissin,52,reggaeton
17SY5q1CMOZJBRuPcKWwPI,J Abdiel,66,
5vakO9fG4OZarrMqZlXbcl,D-Sides,49,electro corridos;dembow belico
0MoaBi6dSquXp6rrlqlF8R,Buscabulla,61,latin indie
3c1sTwL4HuWkrciiKHpnmx,Sparrow & Barbossa,49,afro house;latin house;afro tech;tribal house
0Y34e6XlsBGOdjEyKZzTMB,SowlBeatz,48,reggaeton chileno;chilean trap;chilean mambo
5HeN1Iza4nZe03sFlonddz,Eugenio Esquivel,61,electro corridos;dembow belico;corrido;corridos tumbados;corridos bélicos
5fJsY7afrbsyzJj9wdzJMh,"Tito ""El Bambino""",72,reggaeton;urbano latino
49jTY62Cpw3RYo4dLuG43W,Cian Ducrot,61,
57nPqD7z62gDdq37US9XJR,Arcane,79,score
3EqXv17h2lLZFuAlaTHZad,Nyno,5,manele
12m4a5ljGoe6yyYPpVi7Hr,E.VAX,49,
6xLvSuN3p2uD8IorXxYmHg,ELYSANIJ,39,latin r&b
4boI7bJtmB1L3b1cuL75Zr,Mon Laferte,80,latin alternative
5CAruGjgds3QlF5ICtEnnc,Jairo Vera,68,reggaeton chileno;chilean mambo;chilean trap;mambo;guaracha
1A8aoDrchH5aefQYBCfpLv,Gabriela,35,
5gCRApTajqwbnHHPbr2Fpi,Juicy J,76,crunk
6GKbEjuVNKuuAKetDXA2Mi,Key-Key,57,latin afrobeats
2ydZrTy8U3kOMOzx20s3dg,DJ Nelson,70,reggaeton
0B4uq7LA4vdVwFPDoOcVtw,Jey One,63,dembow
0AY6tq934rmw7zSFRl6e6S,Nueva H,60,corridos tumbados;corrido;corridos bélicos
1mX1TWKpNxDSAH16LgDfiR,Jesse & Joy,77,latin pop
4yjm4SvYqC5FFuLbB6TyHr,Bellakath,67,reggaeton mexa;reggaeton
6tmdudtl1wM5WwTIqZX0WD,La Ventaja,58,corrido;corridos bélicos;sierreño;banda
5f7VJjfbwm532GiveGC0ZK,Lil Baby,88,
2qWK8K2Jfh67UqtwY8tCW6,YSY A,74,argentine trap;trap
1zadl0UA8O0AYeSoMauChk,Tino JJ,32,flamenco urbano;flamenco;flamenco pop
1pf0MPKfKdvS8J779mS1Ay,Miky Woodz,70,trap latino;dembow;reggaeton
4nD4jJ7anYuvuMtM8Wrspz,Lautaro Lopez,39,argentine trap
7DzqOghrDEW0vlJxZXaeLj,Julieta,45,
4vhNDa5ycK0ST968ek7kRr,Carlos Vives,74,colombian pop;vallenato;latin;latin pop
0UWZUmn7sybxMCqrw9tGa7,Juanes,77,latin pop;colombian pop;rock en español
3TKCdsX8yNNoiC1gesn6or,RONNY J,50,argentine trap
3EiLUeyEcA6fbRPSHkG5kb,De La Ghetto,78,reggaeton;trap latino;urbano latino
2KtMll7bpqySnZhr8wriRE,CDobleta,63,trap latino
1gJdf4Yybu4X5A2xYV3NMV,Eden Muñoz,78,banda;corrido;norteño;corridos bélicos;corridos tumbados
3yJ7q2MEpB9SLK9Xy1EJ2F,Memo Garza,54,banda
7lQ0RJHYziDXtTeu9Ef8Wm,DimeWest,35,trap latino
7ltDVBr6mKbRvohxheJ9h1,ROSALÍA,88,latin
1FNMaRFSwlbHQnloS3QO1X,Eddy Goyen,18,
3IEvQoAohcGX7CdrbtIle7,Baby Rasta y Gringo,66,reggaeton
4ArPQ1Opcksbbf3CPwEjWE,Emilee,57,
3VwKSHAfgzV1DOHV0aANCI,TOKiMONSTA,50,
4POeB6Dr0EsRigViBnsTgU,Fabianni,38,
48zixAu4wMDZwpVbOenDU7,Grupo Cañaveral De Humberto Pabón,66,cumbia;cumbia sonidera;salsa
76S9tWvZEynS5QanzUkkjw,risko,45,argentine trap
4QFG9KrGWEbr6hNA58CAqE,Alemán,79,mexican hip hop;latin hip hop;electro corridos
4WnAHZz1pgl8hus8hidIRV,MHD,65,french rap;pop urbaine;french r&b
3r17AfJCCUqC9Lf0OAc73G,Fergie,71,
0Jo06O68y5JjVgiPbAR9Ox,Agarrate Catalina,46,murga;candombe
01rgao9OzfBm2BOHWJpi1Y,Espinoza Paz,69,banda;ranchera;popular colombian music;norteño;grupera;mariachi
14zUHaJZo1mnYtn6IBRaRP,Justin Quiles,79,reggaeton
7yYwMLyDomWvLopr8vsJZK,Sabine,23,
4CQdcx66F116k2db2Y0rjE,Hades66,77,trap latino
14CVFYbyTHSbffeB0iyoDI,Carlos Torres,19,corridos tumbados;corrido
0Bxo11d6nt1FpPWCo4PGcw,Mister Chivo,52,grupera;cumbia;cumbia norteña
1SiLK8gdECx2iEm2SSj0Bl,Ak4:20,60,chilean trap;reggaeton chileno;chilean mambo;mambo;urbano latino
5U0j7qddH2BMJDF3NOXS96,DJ Ricky,20,salsa choke;merengue
0jdNdfi4vAuVi7a6cPDFBM,Lazza,73,italian trap;concerto
7slfeZO9LsJbWgpkIoXBUJ,Ricky Martin,74,latin pop;latin
3Apb2lGmGJaBmr0TTBJvIZ,Rusherking,66,argentine trap;cuarteto
5LXWGcBr4mojJnf51Beuf6,Saga WhiteBlack,36,
3GPTvhZ8XfH7WkHXidvELk,Chris Lebron,63,
18qC8mrcJ9ZjChRDPvpadi,Aleesha,46,latin r&b
2eqoJbzUGDwys5ENUkbT3h,J.I the Prince of N.Y,60,
2BTS8Np1YzPQuXjgdlqsBB,Emanero,64,cuarteto;cumbia
4V8Sr092TqfHkfAA5fXXqG,Luis Fonsi,76,latin
3hfWiirwdO1ijoZQwj7uzZ,Lil Naay,66,dembow;trap latino
09Hzsy5bgnADJzIVlYUoQ3,Los Minis de Caborca,51,corrido;corridos bélicos;sierreño;corridos tumbados
7B1LLuCQk13H4Mb6CFBftU,The Martinez Brothers,50,tech house;latin house
2rmkQLzj0k4nZdQehOUByO,Chino Pacas,78,corrido;corridos tumbados;corridos bélicos;música mexicana
3vXXs7JjWfPO0YHhDnj4SP,KARRAHBOOO,48,
4GZOqR1Cx6YeBN2Lmv0B1e,Victor Garcia,57,grupera;banda;norteño
4DAhpWFfOQv2UBSAzjhzLV,Rene,30,corridos tumbados
014WIDx7H4BRCHB1faiisK,Los Tucanes De Tijuana,76,corrido;norteño;cumbia norteña;música mexicana;banda;ranchera
7qYeIN2r4H1kBvr0Gm9Iav,Randy Nota Loca,72,reggaeton
2dHbjVgpO3NvzY8D7yZvji,Donaty,58,dembow
7MP4jhYmFEgb0AtiOkw55s,Play-N-Skillz,52,
3OcvS8PzSGYMBvLdzY6g3e,Silvestre Dangond,70,vallenato;colombian pop;rumba congolaise
4lHAjTCvXGu8QIM3cEe93m,Maka,63,flamenco;flamenco urbano;flamenco pop
1r3tpVQ08jFAA2P4xzV5o4,Gaby Music,59,
4SQdUpG4f7UbkJG3cJ2Iyj,Arca,60,neoperreo;experimental;art pop;hyperpop
329e4yvIujISKGKz1BZZbO,Farruko,85,reggaeton;trap latino
0qTZZWLzuD59Un5r1speHm,Chris Jedi,68,trap latino;reggaeton;urbano latino
0Hkx0YcHHxDRRbH9WsSW0I,Marcianos Crew,49,argentine trap;trap
3TKS1JzWOLAnicuOCOyVlW,Nobeat,37,
6a1QKCXK81Z2vETbH1tQgs,Alan Aramburo,26,
2oCrGFAUJwBVFaaIM8c0AO,Depresión Sonora,64,post-punk
6oMRQ5H3A2XA5I3RG3leni,Alan Gomez,61,rkt;turreo;techengue
4IC2X34tZmHG3VfTbpzvwL,Julianno Sosa,67,chilean trap;reggaeton chileno;chilean mambo;mambo
1gW6pz5n1aK249L0GvfQCC,Grupo Marca Registrada,78,corrido;corridos bélicos;corridos tumbados;electro corridos;norteño;música mexicana;banda;sad sierreño;sierreño;dembow belico
2pmWsiYQukESpS71qzhreG,Paul Married,23,hyperpop
59eMWEcg6fxHRhWb5rJbtM,Sorry My Love,27,
2OhUNb01gLwygOizYvTm0e,Big One,67,argentine trap;cuarteto;cumbia
01m2XZ7m7rAz6KY3scTdaV,Neo Pistea,65,argentine trap;trap
1F5KgWs6pawyDs5px23UIQ,Kail BRL,55,reggaeton chileno;chilean trap;chilean mambo
0jeYkqwckGJoHQhhXwgzk3,Cruz Cafuné,69,
1Emea6iLt1X27HTatnL7oV,Ben Yart,36,
1ZbuFVK9SeRYrZfQLkNzah,Treintisiete,53,dembow
5T35GKZx6gSnEm06244qCp,donniedarko,32,
2MNRfUsu9bA4gzehlJc8hl,JC Karo,23,latin r&b;cumbia sonidera
1iblTHYdU8q8t8nH4sHl8A,Franux BB,43,rkt;turreo;argentine trap
6MUhWuKMY0Wo0S12d7FAgh,Gael Valenzuela,51,corrido;corridos tumbados;corridos bélicos
7HYJrA3HSTNDmkl5pylhaY,Gino Mella,61,reggaeton chileno;chilean trap;chilean mambo;mambo
1yxSLGMDHlW21z4YXirZDS,Black Eyed Peas,83,
5XQWXnMwsvuvCPMneXUbsy,Marcianeke,63,reggaeton chileno;chilean trap;chilean mambo;mambo;rkt;guaracha;turreo
4exLIFE8sISLr28sqG1qNX,Travis Barker,67,rap rock
0ElbMDEefrgdxl0geuDPHn,Esto es ¡FA!,52,folklore argentino;chamamé;latin folklore
0y59o4v8uw5crbN9M3JiL1,Badshah,76,bollywood;desi;desi hip hop;hindi pop;hindi hip hop;desi pop
1ZM3GOPFXwiy6yVeY1FM3I,Kifykify,25,argentine trap
4bWHA8fMNjzfGPQqnh5D6y,Recycled J,62,
2MXDat5eYxVcnHht0N2uSF,Club16,32,
6ISKc7ev3V4EGnEagkXexc,ROBI,54,urbano latino
2JAxtl8czMHyssC2W7b8jy,Lismar,44,
2Uj01M8Uqm5eJ1ieHyvlaO,Compa Steve,30,corridos tumbados;corrido
128ftF9X7Kd7Di2fq3wYVs,Jamby El Favo,67,trap latino
3wcj11K77LjEY1PkEazffa,Burna Boy,81,afrobeats;afrobeat;afropop;afroswing;dancehall;afropiano
1lIfaU3IJ3LdcQU35iXHo1,Alex Rivera,12,
5WLKVJGJWUubfyG8KSfuvK,Otro,30,experimental;hyperpop
0TfGwoeA3ZBISVA6uJ34nB,BAJO WEST 1708,24,argentine trap
6p2442ymrT9lZEuCZJdYcH,Ivy Queen,65,reggaeton
3ONGmday8YN8AkbsRk01iL,Lojay,63,afrobeats;afrobeat;afropop;alté;afro r&b;afropiano
5FQJWdcKPAijmEi4uroZ4h,LEÏTI,48,
233EuLolQJNuWaoQf617jD,Ery,23,urbano latino
2jSGzJw0ebJLu7OLVSOcBP,Plan B,81,reggaeton
3i5FaQPzJAMqMp59aPBZbu,Kevinsito,31,
6pztqmUqWADMZQKrrmGWGx,Pablo Lescano,43,rkt;turreo;cumbia;electrocumbia
7FWtti4FgQOvxvoB2Ycmmh,Awesome Pierre,50,argentine trap
0ONc371uQqOdKkCwsrcp9Z,Clutchill,41,hyperpop
4d9zZPgaTNFoxlRIT7qQvO,Kelo Ke,44,argentine trap
1uaiSMIzlh2Y6Fx4bC1c6s,Los G4,51,trap latino
0mA4dkNGiN4fqTBi2SLlAv,Edgardo Nuñez,75,corrido;corridos bélicos;corridos tumbados;sad sierreño;electro corridos;dembow belico;banda;sierreño;música mexicana
4D75GcNG95ebPtNvoNVXhz,AFROJACK,74,edm;big room
0gNn4tpH0cKkJrGYhzCUxQ,3rajean,23,hyperpop
7ouAPTZEzxcIOCYBLjH0NC,Fury,3,
38epWdyauFwdRkldqUMfWE,Chucky73,51,dembow;trap latino
2281RSmb2cN6knnt0Iarb2,Leo Rizzi,62,
46JHFFEjLKbXhMQsU5vSGm,Nito Mestre,34,argentine rock;nueva trova;trova
7G1pOSE6cde2iXenQsMMe3,TEDDY-O,35,afro house;latin house
0NlNru2YcUz6RbnpYGQz26,Clave Especial,76,corrido;corridos tumbados;corridos bélicos;música mexicana
1rfmPp9vA3xKSx6IIQ9Ee8,Alejo,18,
3bvfu2KAve4lPHrhEFDZna,Lola Indigo,66,
4ZdPHdArIbz2GSBXkozQYC,Los Esquivel,61,electro corridos;dembow belico;corrido;corridos tumbados;corridos bélicos
5C4PDR4LnhZTbVnKWXuDKD,Morat,81,colombian pop;latin pop
3CjPghA9sowRwFGSrU038J,Junkie Kid,56,hard techno;big room
4Vvu7tVzLF5tA19BpNTgm1,El Rubio Acordeón,43,merengue;mambo;bachata
0U0zpa0tZ4iAV6ypdDUm4I,YUNG PRADO,37,
7a0XAaPaK2aDSqa8p3QnC7,Beéle,89,latin afrobeats;reggaeton;pop urbano
7xHUTO9cWJKX9ayS9CfMCz,Capo,46,electro corridos;corridos tumbados
5wUO3A6DT4tO5UDz21kE2Y,Neutro Shorty,64,trap latino;latin hip hop
3hpawnHbN5R65xVPnhJPFY,Dyan,40,argentine trap
2DlGxzQSjYe5N6G9nkYghR,Jennifer Lopez,76,
3Isy6kedDrgPYoTS1dazA9,Sean Paul,84,dancehall
04mzq9GH08zOBRdV2gzmXm,El Padrinito Toys,64,electro corridos;corrido;dembow belico;corridos bélicos;corridos tumbados
5mbxtnt9L2GGY2ebz6Xdew,Jaque Mate,57,corrido;electro corridos;corridos bélicos;corridos tumbados;dembow belico
62QAb0gPUmewJ1MUvBFaYO,Los chuky,14,
5RpxZNS91QBBvRCPqvGTKs,Glizzy Gvng,47,trap latino
0FvHxb8a4I0A2i8jKCsFei,Oscar Ortiz,60,electro corridos;dembow belico;corrido;corridos tumbados;corridos bélicos;banda
0sBBxwOoorXakhmI8BVTC9,A Cien,27,
3jGlU8UMMo44I2xeLQ6FD3,Dalmata,64,reggaeton
6NmMI7UnfmIpLRYoz8H9jm,Ankhal,56,trap latino;urbano latino
6dLuQ5qXxIuWc5urxfIiZR,Calle 24,79,corrido;corridos tumbados;corridos bélicos;electro corridos;sad sierreño
5qPRgWcEOGRzoIST0sHAiI,Angel Dior,52,dembow
55Aa2cqylxrFIXC767Z865,Lil Wayne,88,rap;hip hop
4uiEeT7dw0guTJ5CPMsX83,SHB,42,
4TAoP0f9OuWZUesao43xUW,Mr Eazi,63,afrobeats;afrobeat;afropop;azonto;afroswing;hiplife;ghanaian hip hop;dancehall
1GKIlPFdcewHtpDVCQ8zmJ,Brray,72,reggaeton;urbano latino
1lpOgw56wZLDa8gaP6bSIs,Fast & Furious: The Fast Saga,61,phonk;drift phonk
73uwZQQfha8JhNvBqVW1DL,Bryant LR,50,dembow
39sUQ6z3CTsNB4BhBecLOg,Ruben Figueroa,50,corrido;corridos tumbados;sierreño;sad sierreño;corridos bélicos
4HJnsUVBubdKJ2aV0sr48u,Ape Drums,55,moombahton
5Y3MV9DZ0d87NnVm56qSY1,Tiago PZK,76,argentine trap;urbano latino
4TKhxSkqClXrdtUWgKqHVU,Shallipopi,73,afrobeats;afropiano;afrobeat;amapiano;afropop;afro adura
6jOQofEFDXLbMGlzn3xSua,Jodosky,18,
0UTzLuwz9RvFOCnwAZjUxn,Bratty,59,mexican indie;latin indie
2OHDHtDUjiP1K0rUXDC3vm,Andre TG,41,trap latino
4stSxe6AbpXw3x7nRDsYVX,Remmy Valenzuela,71,banda;norteño;sierreño;corrido
16ZQZS3ZH1cXixotWa5LwC,Eklectico,44,dembow
4r63FhuTkUYltbVAg5TQnk,DaBaby,79,
0GZ65zwBwkkwGNJ3zagtTZ,MILLENNIUM PARADE,34,
4mPVIQNhAAWQ00jvzMv9E0,I-Ace,36,
6E94QKXZv8BbO6QQJxcxLI,Daviles de Novelda,59,flamenco;flamenco urbano;flamenco pop
4UhDECNxyqKv0Cn0sua1MC,CARABIN3,67,
1pgDilWYDWLoOgGjf1iHNu,Zion,76,reggaeton
5jNjbQYkujIbjSvvKroBlv,Subelo NEO,47,
11Phvl6lzQFQJ2OcSXloHv,Carzé,49,hyperpop
3bIRdpxrijl9x8jyDpT9pr,Juanito Lugo,3,
0l6WgSoqo4UqeuXFKnTQRu,Aldo Trujillo,56,corrido;corridos bélicos;corridos tumbados;sierreño;banda;sad sierreño
64KEffDW9EtZ1y2vBYgq8T,Marshmello,82,edm
2zdRAu3PozCqPVqp8A4AtR,Joel Avila,14,
3Y4UmopFbGuRYdtGEa5jDZ,Tomas Ballardo,50,corrido;corridos bélicos;electro corridos;corridos tumbados;sierreño
4I9zVTnPvEI9OjajlRHRsK,Su Majestad Mi Banda el Mexicano de Casimiro,4,
0JIXcgS9piddymxPskwpIq,Chyno,2,
6nVcHLIgY5pE2YCl8ubca1,JHAYCO,82,reggaeton;trap latino;urbano latino
0VRj0yCOv2FXJNP47XQnx5,Quavo,79,
2FRfJyV85zb19tO6uiXBGl,sped up + slowed,64,
7nuTWfojdN0o8d7NGDo71U,Lil Geniuz,55,
46SHBwWsqBkxI7EeeBEQG7,Kodak Black,82,
1112QrO6AoxnDFaksIbeN8,Mc,1,kompa
2x6kZekpNZMll7Uq3M6ar5,Hoke,58,
5CiGnKThu5ctn9pBxv7DGa,benny blanco,75,
4dfJldGOpTXPBjw46bPzfx,Grupo H3,6,corrido
0GOx72r5AAEKRGQFn3xqXK,GIMS,83,french rap;french r&b;french pop;pop urbaine
39yVoqm6sYFvvqF1RciUVf,Carlos Rivera,72,latin pop
5VKY4vo0U20tbsQi6OdH9o,Hanzel La H,63,trap latino
0zgbk1EdcU6tt6QUOnCC5o,Lito MC Cassidy,34,latin hip hop
1ZPwILALmE6ggDHUlphThb,Jan Paul,30,
2v2UIkZpgupzvSNS9wicgV,Young Fatty,67,
4wLXwxDeWQ8mtUIRPxGiD6,Marc Anthony,79,salsa;merengue;bachata;latin;latin pop
029uS2pMvwk0TsIUTHkyyw,Amaro,55,reggaeton
6JkIfzAcnjeyUx6aQh3Pbi,Kele,34,trap latino
0VWPsYCxl8HERwstSf4jsn,KAY KAY,21,
2Yia9CwtgcrsN5kVOQ0qRA,ZECCA,53,techengue
111WEufNVhB1lRCVHAqEve,José Mejía,55,corridos tumbados;sad sierreño;corrido;sierreño
1X6cBGnXpEpN7CmflLKmLV,Kizz Daniel,70,afrobeats;afrobeat;afropop;afropiano;hiplife;afro r&b
0tR60pwxQ5WKjPxQcKoCQ7,Messiah,61,trap latino;dembow
5xp0m6dRz284in9nArK60v,Octubre Doce,40,
11YLRSsZA3YVuQQtHXKTlz,Rafa Pabön,66,reggaeton
4Esb8jfP35nF3O85C0jgKC,Gadiel,47,reggaeton
6RPeBghYnSwGV6FOw7huuN,Esteban Gabriel,56,corridos tumbados;corrido;sad sierreño;sierreño;música mexicana
3lIsPQW0jN6sMpiWuiShF0,Dano,51,argentine trap;latin hip hop
44mEtidu0VdRkIqO4IbkNa,Marca MP,67,corrido;banda;sierreño;corridos tumbados;sad sierreño;corridos bélicos;música mexicana
47G4aZmzN6mRtKCSoLoNDM,Endo,57,reggaeton chileno;chilean trap;chilean mambo;reggaeton;mambo
28oQ6vi1R2m9mdSBnsAkUQ,Munic HB,49,drill
0vR2qb8m9WHeZ5ByCbimq2,Reik,78,latin pop
1l7ZsJRRS8wlW3WfJfPfNS,Christina Aguilera,79,
6JoYL9QYbdgPb6EuE5J2pC,Gerardo Coronel,67,banda;sierreño;corrido;norteño;sad sierreño
5y1mXGApE4lshXA10gQ0S3,Jovaan,52,trap latino
535ap2f16rTOKTMPTkvbGB,Los Buitres De Culiacan Sinaloa,62,corrido;banda;norteño;corridos bélicos
0Y3agQaa6g2r0YmHPOO9rh,Davido,76,afrobeats;afrobeat;afropop;afropiano;azonto;amapiano;hiplife;afroswing;afro r&b
4FccNTUrqnomg0QubVw9bF,John Jay,9,
6k8mwkKJKKjBILo7ypBspl,Ana Mena,69,
0GgyFUpOyzWDRDqx8FCTDN,Baby Rasta,72,reggaeton
0ocHleb3SllGNQQcDH35Xz,Herencia De Grandes,78,corrido;corridos bélicos
11usEAQkFE6UJwsyAKkchi,Caleb Calloway,57,techengue
6lYtvXvhIdDJno8v2SpPkG,Doctor Culichi,27,banda
3L3OkLK1GPNoYh649m3nh7,DJ Saot ST,34,
0QORPHk3wnOCjHpmDOZgfP,Alex Kyza,55,latin hip hop;latin r&b;trap latino
4qXC0i02bSFstECuXP2ZpL,Blxst,67,
680tleL97NcpJiib89V6UU,Esteban Rojas,53,
6j3TVnrOKJQYWcX5YKLMkV,Ela Conem,23,
4e5oZygHeeRoTXc00gYWiu,Danny Towers,52,
5DMTLrpmTZO8GLDZ5Je1yT,Speedy,31,soca;bassline;calypso
5GcWBUX00IPuWVGMIRK1sS,Residente,62,latin hip hop
3vohGR9Ee8zkl7UpgPLGT9,Radamel,51,
1pPmIToKXyGdsCF6LmqLmI,Rich The Kid,66,trap
0dXXFVCw0LKzmHFrTLUaQJ,Tito Torbellino Jr,59,corrido;corridos bélicos;corridos tumbados;sierreño
5c1dsiPU62AjA50VwTPfoF,Big Deiv,30,argentine trap
2MRBDr0crHWE5JwPceFncq,Juan Gabriel,80,mariachi;ranchera;bolero;música mexicana
2e4nwiX8ZCU09LGLOpeqTH,Laura Pausini,75,latin pop
1Db5GsIoVWYktPoD2nnPZZ,Gloria Trevi,73,latin pop
5npvUMe1CGnIhTX7OaLGVV,Ulices Chaidez,60,banda;sierreño;corrido;música mexicana;norteño;sad sierreño
5QcHBpoxrY7vx3ulMKEvTS,Chiquis,45,latin country;música mexicana;banda
12trz2INGglrKMzLmg0y2C,Emotional Oranges,59,indie r&b
4tm8CEdm4pkQsEh4jIr9Yp,Santa Fe Klan,75,mexican hip hop;latin hip hop
27abSaAjyUkVoBhZSmF38a,Tommy Viera,26,
2IKdK6PbitvCiXt1t2bPU6,Mesita,59,rkt;turreo;argentine trap;trap
3OFZZxPrO2uYjDVglqTwEr,Los Nuevos Rebeldes,64,corrido;norteño;corridos bélicos
1fux65HMCBvfJHqlBc4Nno,Casper Magico,70,trap latino;reggaeton;urbano latino
184mGxeseZkY2w05Nr4Tui,kryptogram,48,disco house;funky house
3rqKgkODmiyDdimpz5D3y1,Yannc,62,reggaeton
6V36JyoMUbA6lNLNMjA3Bz,Luno,41,electro corridos;dembow belico
4dhKkIzf9LXogFL1NXfQc1,Kapla y Miky,42,urbano latino
4ofR6MCxBBYuXCGkiQLCpm,Boniface,10,private school piano;amapiano
7uGhSk7fVURjDaiXW1FSbL,La Maquinaria Norteña,63,norteño-sax;norteño;cumbia norteña;música mexicana
5pIkWAzyI2E3ga03gFxtZl,Joaqo,23,
4twMBjUEs3uYOoY4ywzJAZ,Rodrigo Films,31,dembow
3aly4xJOy3LVznzvRIvFYC,F1 The Album,76,
5hdhHgpxyniooUiQVaPxQ0,Nio Garcia,69,reggaeton
3J0BpFVUc9LeOIVeN5uNhU,Lauren Jauregui,51,
0Z9FeIBNH2WlwhVUOBlfPZ,Compa Steve,33,corridos tumbados;corrido;sad sierreño
5TP8Ubo4jLKEi4Mw2O8fAk,BM,66,rkt;turreo;cuarteto;cumbia
0niAkxgT6y57bRbT0Ge94z,LiL CaKe,51,argentine trap
3TVXtAsR1Inumwj472S9r4,Drake,98,rap
12KipYva9312KrSBekytFE,Chuy Montana,60,corrido;corridos tumbados;corridos bélicos
5ImyiP3jzpqv7a5Ig63j13,Esteban Gabriel,38,corridos tumbados;corrido
5uwa6tAMMfNbBFIHiI6NV4,W Sound,75,
4riOEaOW5hCeqomFDBk0aP,Rochy RD,62,dembow
3hK6sVmdFt15ORCDg503Yp,Said Norzagaray,39,corridos bélicos;corrido;corridos tumbados;electro corridos
540vIaP2JwjQb9dm3aArA4,DJ Snake,80,
2rAnv6brcXaglLZBB4XXEn,Nigo,53,
1CLPoZyoqBo2z444JtmBAF,Lito y Polaco,40,latin hip hop;reggaeton
2mFWbxWrBZ0dTkG5b6NGnZ,Montana the Producer,47,reggaeton chileno;trap latino
3QJzdZJYIAcoET1GcfpNGi,Damian Marley,69,reggae;ragga;roots reggae
21451j1KhjAiaYKflxBjr1,Zion & Lennox,79,reggaeton;latin
2uSJ9ywE44eIRoTMatARAy,Hector Rubio,51,corrido;corridos bélicos
4qIwt9aom7JcYwiwWWI05i,ambeats,39,hyperpop
7E8yETzDbHYASNxtFQysf7,Dynasty,35,post-disco;funk
13IcxOeQD6jVtvtzCuDjX4,Amilkar Galaviz,40,corridos tumbados;corrido;corridos bélicos
6Ip8FS7vWT1uKkJSweANQK,Dave,81,grime;uk grime;uk drill;drill
4IMAo2UQchVFyPH24PAjUs,Jowell & Randy,73,reggaeton;urbano latino
4a0UP5sUQGKcn2QJnqMT0t,Tonny Tun Tun,58,reggaeton;merengue
738wLrAtLtCtFOLvQBXOXp,Major Lazer,75,moombahton
1QfSkHNY8c7Kip57pllxri,akiraplayboi,13,hyperpop
4xx3PjUWxXY0qEXUdDhrwx,Miss Bolivia,36,electrocumbia
2tYwhzzfvvDr29BbBFcHhB,Arthur Hanlon,52,villancicos
4qDRNT8ldCfCjSp9lBzYC5,Joel De La P,63,electro corridos;dembow belico;corrido;corridos bélicos;corridos tumbados
40lro6xpFS9TxV2uC7yvs4,Leebrian,52,
2K5nCggbhSZ00YCYP5qkZS,Shiva,77,italian trap;concerto
1QcutbFtA6u8A2ZFTZuLSL,Panda Black,70,
0JfrGVffhKwF36QHW9HXOL,Shawny Binladen,35,new york drill;brooklyn drill;sexy drill;drill
7gR53ad9JjCweCv4f9MWEX,Eddy Lover,67,reggaeton
6ASri4ePR7RlsvIQgWPJpS,iann dior,69,melodic rap
7awyvLSthqOcL5A3hnR1pf,Alex Gargolas,65,reggaeton
6cC67GpmPCjQjOYLpmOGhN,Dani Ribba,54,argentine trap
0my6Pg4I28dVcZLSpAkqhv,El Fantasma,71,corrido;banda;norteño;corridos bélicos;sierreño;música mexicana;ranchera
1wZtkThiXbVNtj6hee6dz9,Wisin & Yandel,83,reggaeton;urbano latino
3Gf3gwkmZyNuecCyJyVD9j,Bigla The Kid,59,
43C3LVD6x8GLvputT34r6T,Steve Lean,57,
4bw2Am3p9ji3mYsXNXtQcd,Piso 21,75,reggaeton;colombian pop;pop urbano
1IxZyCzEKTCm8z7gSgyfTU,fish narc,40,emo rap;cloud rap
42LEQxfXLEuzdqorKBbUVN,RaiNao,68,
61SktdmRAfMcOEv4eQBqwf,Haze,50,
768O5GliF0bqscyghggrbE,Polimá Westcoast,63,chilean trap;reggaeton chileno;chilean mambo
6Nl4VXcX86fBMO4YE6oYfN,Asan,59,argentine trap;trap
7ejyCwT1b7MIwHVCVO8HjX,Chita,43,latin r&b
60n2WytJgR3JHkeqJxZQrm,Foking,48,argentine trap
18fENKDD5BDuHtXLu41hd0,Xanctum,12,phonk
6OP8Y0UsezppFkU1hZU6EJ,El Chachito,53,corrido;corridos bélicos;corridos tumbados
2CCgb0KApjfQDuTppovpf8,Rvfv,72,flamenco urbano;flamenco
2tKY3KnuyCoj1aZOBXKP2D,fox1,16,hyperpop
3WMlRpW5JWuDI95TcEWt3r,Salastkbron,63,rkt;turreo;guaracha
6bxjoq64Y0HTfMc4GIbpyJ,vf7,41,
0FwnPHExlRRxEZPLAi5tmG,JC Reyes,79,
1fctva4kpRbg2k3v7kwRuS,Rvssian,73,trap latino
0hk4xVujcyOr6USD95wcWb,Sick Luke,62,italian trap
4DMkrFIqGXLycc4YLYTn1i,Tiagz,62,dembow belico;electro corridos
7vxA5cu6OOhhgIymjrqRaQ,Turo Pacas,38,corridos tumbados;corrido;corridos bélicos
4TdMGChhzBYNXhADaEGUZX,Armenta,68,corridos tumbados;corrido;electro corridos;sad sierreño;corridos bélicos;reggaeton mexa
2kF83E9c7WmW5XdqwUrJd2,Chocoleyrol,44,dembow
1WLEfsQjvgtFSGkrHonzFX,Amaia,59,
22P1OY4TRFRwhP0q29loQ8,Lali,67,
2tSneO7PgprETUeUA8NfDH,Manuel Rodriguez,57,corridos bélicos;corrido;electro corridos;corridos tumbados;dembow belico
4rUyBlggM5tZUH5QZn9ZuO,Silvio Rodríguez,67,trova;nueva trova;singer-songwriter;latin folklore;latin folk
1LViN9Xsu9YIMN6IZJk8Bp,El High,48,reggaeton chileno;neoperreo;reggaeton mexa
6hY8YED0fL89Il5yKkDhrm,SHARIF RAFAEL,48,urbano latino
4axKuDPr6WKcDCyh8vueTY,Luar La L,80,trap latino
4kcQWQDK0u9AftVSpdrAgk,Luck Ra,75,cuarteto;cumbia;argentine trap
5I8OAPN5jY1wvHwpnsRRsA,Kybba,69,dancehall;shatta;moombahton
4IG1SDlwgNKzqTmjBrvY3K,Rei,62,argentine trap;rkt;turreo
4QIM495B5wWD9B24Fsi4aR,Ambik,27,latin r&b;argentine trap
7DXregrznS25AM30UY9sUU,King Savagge,65,reggaeton chileno;chilean trap;chilean mambo;guaracha;mambo
5O2rJN2gJncIfM5iNSNiYR,Delilah,32,sad sierreño
0zO8yNnw5GQgutcIyXfGBY,ELENA ROSE,74,latin afrobeats
4kYSro6naA4h99UJvo89HB,Cardi B,82,
6M2wZ9GZgrQXHCFfjv46we,Dua Lipa,88,pop
7e8ljvie31q2e5w5tgDnvD,Ele d,37,
20qISvAhX20dpIbOOzGK3q,Nas,75,old school hip hop;east coast hip hop;hip hop
0Yg29FX1M4ayqjXs0ttZFq,Young Cister,74,chilean trap;reggaeton chileno;chilean mambo
1zdSbv2pR3OIFKselYbJsC,Tunvao,42,
23wEWD21D4TPYiJugoXmYb,Thalia,71,latin pop
7hJcb9fa4alzcOq3EaNPoG,Snoop Dogg,83,g-funk;west coast hip hop;gangster rap;old school hip hop;hip hop;rap
3UTF2no3muGdiFXVujl94i,Kapo,80,latin afrobeats
3YXGxdYldEXVVlCdCkFD5G,Ivonne Galaz,36,corridos tumbados;corrido;sad sierreño;corridos bélicos
3PMboJy3bSw6eV1Qv0FhSz,INDICA MIKI,39,argentine trap
6S2OmqARrzebs0tKUEyXyp,Demi Lovato,79,
4bforrvhv0YFDP83UQBbU8,Rafael Amaya,32,corridos bélicos;corrido;electro corridos;corridos tumbados
2jF8vkWrLA8GPPwMcnvhSr,Angel Almaguer,65,electro corridos;dembow belico;corrido;corridos tumbados;corridos bélicos
5fUua1kfdZhAopUPazcdC5,Alto Linaje,51,corridos tumbados;corrido;corridos bélicos
4kJ2OBSNasUA4yOT5NCfCl,"Luis Angel ""El Flaco""",65,banda;norteño;corrido
2ayNSoKPCRAfjp6hQ76hRu,Nacho,64,reggaeton;latin
0K59Fm1y7s3j498ueS4qzY,Soledad,62,folklore argentino;chamamé;latin folklore;latin folk
2vnaEm73LHWfchNiQccNBa,El BAI,61,reggaeton chileno;chilean mambo;chilean trap;mambo
2t7vyRN71qtQT18frElAnV,Maikel Delacalle,60,trap latino;latin r&b
7ggR2eZDxd9vAabd1wux61,Grupo Efectivo,7,corrido
3HPOnbuwLP2qlwWQ7cgxYW,Xantos,49,reggaeton
62YF0FglEltB3CnVIjoko8,Ingratax,54,
2o9qwAYrLQE4XxQ5uFnwC2,Montana,40,corrido;corridos bélicos
7g7N6cRr5izWiIWvffgwWO,Stiffy,56,
4bbAeMRdMbfCLVSlpryAVV,evilgiane,44,cloud rap
7Mu2VtGDLbzEvtGbc8i1Pl,Badguychapo,52,corridos tumbados;electro corridos;corrido
6kTecPO26Gxf7Vsk0Lk8OI,Banda Los Reales,45,banda;duranguense;norteño-sax
6UCQYrcJ6wab6gnQ89OJFh,Headie One,64,uk drill;grime;drill;uk grime
1XwiLNR93MJwbV5Akl9lyQ,Soyneel,44,
4CksTDKT5UHEUxHEEu6sBH,Diem BB,23,
7arK8QUX7X61NIkChn9no2,Horacio Palencia,59,banda
7IUaYyqcGB3aU2Tm4s5JY8,Zxmyr,60,mexican hip hop;latin hip hop
6wF1Cz760dpdbX9RJIDpQW,Chuwi,67,
6w9ToX5slZ4uIdmD17hJ3c,Bryant Myers,82,trap latino;reggaeton;urbano latino;trap
3tkILYz5xAd2Wq9lxeI9OW,Alejandro Fierro,42,electro corridos;corrido;sad sierreño
4GP79lfzsxYXZn1HNu31Dj,Los Del Roble,37,sierreño;banda
0aULg7LximLNhI6lLzxcXI,RØZ,66,electro corridos
1zNqQNIdeOUZHb8zbZRFMX,Swae Lee,79,
4v1zVCcc5f9c7bdODjaqwe,May-Be,27,
0DubQNvKAkkXWIIC2jImhU,Elsidechain,35,argentine trap
1ZMJSCQw8DIefcLb1FIpY0,Los Dareyes De La Sierra,80,corrido;corridos bélicos;corridos tumbados;sierreño;electro corridos;dembow belico;banda;música mexicana
3EA9hVIzKfFiQI0Kikz2wo,Andrea Bocelli,74,classical crossover;opera
7bawudKqKlcw3ZwLpI5FWu,Producto Sin Corte,39,trap latino
3aWnyANApsrS1yIpPu873P,Los Pikadientes De Caborca,42,cumbia norteña;cumbia;norteño;sierreño;música mexicana
0dAcy3ayJIW98jdHTacqac,Los Nuevos Ilegales,55,corrido;norteño;corridos bélicos;sierreño
0MSw8gYA4pujLZst10Zve8,JuicyNise,50,argentine trap
035LjRuKfMDQ2Xtlb4gqB6,Adal,37,corridos tumbados;corrido;corridos bélicos
48R2gYdPKtfnfKAzhSVPUx,Migrantes,63,cumbia;cuarteto;rkt
6Gsh7oJoJ5EQUuQk0EhfWL,Malandro,62,cumbia
3Okcq0dqLVlEFHRZ5t22bA,Voltio,59,reggaeton;latin hip hop
6uzHLlGqFKaXYOnZyYmXYg,LOUKI,59,reggaeton chileno
7A02nc5WKMBLqSKXxGZ4o8,Llane,44,pop urbano;colombian pop
09pT3LYxLNhME3Rp9D6Vob,Trillfox,32,hyperpop
7qGy8DUTeuBqoyN6gUf3gd,Mikey Barreneche,20,bass house
7FOQfJbC3e4GNoheojERnF,SleazyWorld Go,59,
4grLz6b5fajQS4gF7fq3eg,Nixto,2,
60XHOAhvEBiV6BGBOv8ClM,La Joaqui,67,rkt;turreo
0H39MdGGX6dbnnQPt6NQkZ,SAINt JHN,67,
5F1lZDYOxfcsSMEHF28hdH,AXL,34,reggaeton mexa;electro corridos;dembow belico
64M6ah0SkkRsnPGtGiRAbb,Bebe Rexha,78,
63X7mnpy2kfkDtltarrWD1,Sugarhill Ddot,53,new york drill;drill
6vXTefBL93Dj5IqAWq6OTv,French Montana,76,
6kq4GHwUcUojGIu0ziSNXf,Amenazzy,65,trap latino;reggaeton;urbano latino;dembow
5fMUXHkw8R8eOP2RNVYEZX,Diplo,79,moombahton
4zYi7nhOqLxJ9u2YE8Ysca,CNG,43,mexican hip hop;g-funk
3J9eSTe3nQKjuMyoiO2XSi,Alejandro Armes,45,
3nmaO18tcMzfrrR7sdJHnH,Drenchill,53,slap house
6goQbtqjPhPns8RVRXTyp7,Mda,52,hyperpop
6cnl6Jz97730GUS8zEAK77,Los Plebes del Rancho de Ariel Camacho,70,banda;sierreño;corrido;norteño;música mexicana
0haZhu4fFKt0Ag94kZDiz2,Sofía Reyes,64,latin pop
1aw0Cdl1DIrtUrUA6fGbAR,Dread Mar I,72,reggae en español;reggae
4RWJOoYwgF978LOn8Fainp,Yami Safdie,70,
3SUT1jjM5hzZj9TLfLZGIP,Tego Calderón,73,reggaeton;latin hip hop
2RdwBSPQiwcmiDo9kixcl8,Pharrell Williams,81,
5n9bMYfz9qss2VOW89EVs2,Bomba Estéreo,71,latin alternative;electrocumbia
7wOZy3KdFVVINgNFFxkxwO,Jerry Rivera,67,salsa;merengue
5zctI4wO9XSKS8XwcnqEHk,Lil Mosey,67,melodic rap
4Ga1P7PMIsmqEZqhYZQgDo,Lil Tecca,81,melodic rap;rap
0BKYcWhq6W4TYSLSJk1ZDJ,Go Get Music,32,
6XFITTl7cFTdopDY3lUdlY,J Alvarez,72,reggaeton;urbano latino
3E12tRURRvPfHz0hAMCFYc,Omar Courtz,84,
1Ixof0imwzqpuV21Ug9pKn,Choclock,47,latin r&b
5l4GdLELvdnXZVT5g947i3,LOUTA,51,argentine trap
1XtR9vPQD6cjmHlR5PuHPu,Kevin AMF,70,electro corridos;dembow belico;corrido;corridos tumbados;reggaeton mexa;dembow;corridos bélicos
7ENXmnggvN0RX86PIdIfji,Elixir,39,argentine trap
0OmIOUU8SceGFVrqrEm70j,Giovanny Ayala,55,banda;sierreño;corrido;sad sierreño;corridos bélicos
584rPFIWjBYT83tUZocaIw,Franco,23,samba
3uQSc2G13vlxsMDBb92llt,Gerardo Mercado,22,corrido;sierreño;corridos bélicos
4s6Xg38sbqh4xpf4OqhVUK,iZaak,70,
5rlwbF5flU2JCmAzV5Obu0,Vakero,43,dembow
5Q81rlcTFh3k6DQJXPdsot,Mura Masa,60,
4V9bxYG2V2zVIt4nA8EbIc,1krazer,13,
66ArjpKRgw8vYBf9yhktto,Nach,59,latin hip hop;rap
45I00eLuNXvN6WONxQ4T1j,Banda la 10 de Ivan Romero,30,banda
3tJnB0s6c3oXPq1SCCavnd,Marco Antonio Solís,79,grupera;ranchera;mariachi;latin pop
7pPXGzCvbBcNABfCfb66bL,Mejiias,20,hyperpop
16Juw2gfa9IxEL3Vu69cH7,Yaga & Mackie,63,reggaeton
5palUoEWfHqmYH8TPwxF6J,El Coyote,43,corrido;banda
3HJq88k0us5XSJ4tD3J8RG,Jorsshh,72,corrido;corridos tumbados;corridos bélicos
4LFOoXhMhnq9U8VsZkSwxl,Edwin Luna y La Trakalosa de Monterrey,68,banda;norteño
0A0FS04o6zMoto8OKPsDwY,YG,73,hyphy
0dUyjgCyjfj5eMx6bX2TWf,FMK,66,argentine trap
5ZLgfdfQcdb7wsw67Xes0L,Kull Kid,8,
2D8UzkIVdg1bj0Iqz6gjk0,ABHIR,55,
5J7rXWjtn5HzUkJ4Jet8Fr,Alvaro Diaz,77,
7A2xUGz3Mbq2tJdMfILN34,Mixed Matches,44,hyperpop
3441uYrkzgTWwjXLd13R0U,Enigma Norteño,70,corrido;corridos bélicos;norteño;banda;sierreño
27xhmkOjmSZ12tuRkccOgb,franwav,23,
1GAymyGBvB4gQy5Z5LZ1Wj,Lalo Ebratt,63,
6Lad89OaqnRo5nf7FyVipt,Garena Free Fire,53,
4J13m9IZh03PEhoxAxRhXO,Gerardo Ortiz,75,banda;corrido;norteño;sierreño;corridos bélicos;música mexicana
5dmU7FrmtbQaSzIvGsE4Jp,Pancho Barraza,69,banda;norteño;grupera;ranchera
7JpldR9fo9qOlg4HYOnRg5,Noan El Abusador,11,salsa choke;merengue;mambo
5wx70QuZtxRUIIYek3RSaV,Carolina Ross,59,
35oGZihZclGoTVuICPXRP9,Jere Klein,77,reggaeton chileno;chilean mambo;chilean trap;mambo;rkt;reggaeton
2Gq6eE8pcDP1r3YIyx45sG,Gotay y Jory,22,
5UN0rzL594mWY2RbOtZqIN,Ptazeta,54,
5H1nN1SzW0qNeUEZvuXjAj,Danny Ocean,81,reggaeton
7cYik4OyfBXYV5Z2TI7p90,FARIANA,55,dembow;urbano latino
0k7Xl1pqI3tu8sSEjo5oEg,Paul Wall,65,southern hip hop;crunk
4yxLYO2imECxGYTTV7RQKb,Pailita,65,reggaeton chileno;chilean trap;chilean mambo;mambo;urbano latino;reggaeton
0sJpqQouXqn3gKQrsN1JET,El Baby R,47,dembow
3u2W429W7BHf3rjbdHUir1,''El Obama'' Carlos Anderson,47,electro corridos;villancicos;sierreño;dembow belico;corridos bélicos
27vNK840zYq6IfDijHPsv1,Gilberto Santa Rosa,71,salsa;merengue
76whng5pl9msPkkjFUtWYn,Tempo,59,latin hip hop;reggaeton;dembow
1P6GRLw4BTIfQzKA18t2wj,Lionize,9,
0sXJRmgbjbq6Q5uu4W1wDM,Las Villa,45,
43DTA4Ai9jSFpLjOxOKXJW,Chuy Cuadras,23,corridos bélicos;corrido;corridos tumbados
4y4uRSNiwurNnkWn9I0z7R,Plan de Escape,45,electro corridos;corrido;dembow belico;sierreño
55ru5B05MMBunM1tvH7Di6,Valentino Merlo,63,cuarteto;cumbia
4SRF0I10ZzUX6hFmV1RCXR,Neneto,41,
3oBZXbSQHXnxp9sWJcUT7j,Dylan Coronel,36,corrido;corridos bélicos;corridos tumbados
4Rh80sXmcG4xDP1r6dTNiQ,Estevan Plazola,68,corrido;corridos tumbados;corridos bélicos
20gsENnposVs2I4rQ5kvrf,Sam Feldt,67,tropical house
5MP9bH9aUryiKQeUvABLIU,A.B. Quintanilla III,59,tejano;cumbia;electrocumbia
1H6X7yhnXZg73f9bssaj1Q,Judeline,68,
2wkoKEfS6dXwThbyTnZWFU,Mau y Ricky,68,latin pop;reggaeton;pop urbano
3Wb38LDP3N4tkobValgE9D,Juanka,68,reggaeton chileno;reggaeton;neoperreo;trap latino
7LiVklVR1325BIOqD9kykr,CLMD,44,
02uL9GicfGlL4E427NFGDm,JKing,38,
5KwtioA5ns9gfpFaHpxqlq,Brandon Reyes y Elvin,49,corrido;corridos bélicos;corridos tumbados
21dooacK2WGBB5amYvKyfM,Smokepurpp,54,
2rMFPjySMqkgBajkLKL6zo,Lomiiel,64,dembow
3PAwspMN27PDm81WwXDsMf,Reykon,63,reggaeton;trap latino
5TYxZTjIPqKM8K8NuP9woO,C. Tangana,74,
16zBWpyiDMtWDpGIueLZbC,Shigant-G,26,
6os1temnovzJIEGRUmn3fG,BNYX®,61,alté;rage rap
7z3W8OunO3RH0quodR8Zsu,Saso,44,
2f0j8IhXgOli2Ub2amAiUZ,Midnvght,62,trap latino
04gHmjV4hmiIrT3PHXlTbZ,LoLo,45,hyperpop
3WUe8ADT5d65WeByR3ubl7,Vanessa Mai,53,schlager;schlagerparty;german pop
0T8Ix53aIN4F7aEKj4EnKy,Jasiel Nuñez,75,corridos tumbados;corrido;sad sierreño;corridos bélicos;música mexicana
3rvluTyk2vmAj3dN1b0bw8,Angel Ureta,47,corrido;corridos bélicos;corridos tumbados
6wcKDqJRY3TzbcdRKo6EiE,Jone Quest,60,reggaeton
3AP96neoRZgep3w7wvhubP,Marconi Impara,59,trap latino
0OpXeanba0vYnyoft00BP6,Polo Gonzalez,54,corridos tumbados;corrido;corridos bélicos;sad sierreño;sierreño;electro corridos
6cNWiizYLCClZdnIvqU968,AriBeatz,48,german hip hop
5D7x9esAF6twPxuOqSMkeO,Justin Morales,51,corridos tumbados;corrido;corridos bélicos
70u0ytxL7TpF1Kdc2HFyM2,Alex Torres,60,corrido;corridos bélicos;corridos tumbados;electro corridos
7ciBW1p3KBsYIkFk4UmwS8,The Rudeboyz,54,reggaeton
3Me35AWHCGqW4sZ7bWWJt1,Xavi,78,corridos tumbados;corrido;corridos bélicos;sad sierreño;música mexicana;banda;sierreño
348pk4o3EhKmsSahzuClSf,CA7RIEL,53,argentine trap
3hTffafUYLLgO4yuPAxb5U,Lenin Ramírez,69,corrido;banda;sierreño;corridos bélicos;norteño;sad sierreño;corridos tumbados
5YqI7p8zYsOpKJtjxYdOce,Victor Mendivil,86,electro corridos;dembow belico;corrido;corridos tumbados;corridos bélicos
2LmoZUme24SWelkOHXzacB,Manuelvezz,47,electro corridos;dembow belico;corrido;corridos tumbados;corridos bélicos;dembow
64aJYyrXljOodnUG6jvhRD,DJ Luian,77,reggaeton;trap latino
5cj0lLjcoR7YOSnhnX0Po5,Doja Cat,88,
1m82A2YUjBaQnLAFi9vjJv,Poeta Callejero,43,dembow
1HcAkAeL4xf02wzAnl7mIV,Michaël Brun,50,soca
1Qote9MpqMZluWzYGifZUg,Randy,49,reggaeton
0IEzMvarfVycBJAXjjEZOL,La Pantera,73,
5kgDdP7a4TsvkF08gpJGX0,Juseph,68,
6gyhsZUy2fzzWZBRVPmOw4,Soto Asa,54,neoperreo
7y6eZQZwyUvR4PlZOVSR7I,Jonathan Caro,56,corrido;corridos tumbados;corridos bélicos
6ieK9Ddas29reReO60on3o,"Gotay ""El Autentiko""",64,reggaeton;urbano latino
6ELdpbcBJ9mc2anhAavcHv,JXHN P,12,
3yDIp0kaq9EFKe07X1X2rz,Nile Rodgers,72,
2KShewLkb92FKEZ6N4cVP9,Vanco,58,afro tech;afro house
6subdr1to7SgyVLIL4stPX,Tony Tone,12,comedy
3ZmK2d3zzoV1X60GmJqLRt,Estrada,14,
3CDoRporvSjdzTrm99a3gi,LUDMILLA,75,pagode;brazilian pop;funk pop;brazilian funk;pagode baiano;funk carioca
6v36LGGRNEleSpAd2zAeQL,Mks,36,argentine trap
2o5jDhtHVPhrJdv3cEQ99Z,Tiësto,82,edm;trance;big room;house
08ZqXO40nMrhBoGma4kls2,SyKo,57,hyperpop
3YXpTiyVmYCfANOlnWv6vr,Trebol Clan,60,reggaeton
2bMCqLC25iBaqp2gDYEgDT,Danay Suárez,41,latin hip hop
3jFjgKOGfVLWfXX8q5wrsg,R.K.M & Ken-Y,69,reggaeton
2XcZshqzPKm3iZcmt73R8D,Pablo Chill-E,71,chilean trap;reggaeton chileno;chilean mambo;mambo;argentine trap;urbano latino
4WtortRM2EgZ8np6mwrnc2,Ovy On the Drums,51,
7sfl4Xt5KmfyDs2T3SVSMK,Lil Jon,75,crunk
0MInKJqZscEeNc5K3K0mkE,Simone & Simaria,63,sertanejo;sertanejo universitário;forró;arrocha;brazilian pop
4KXIxHcPgLB1xiPXZHlqxf,BCA,42,
7o7FisMfKqVaysG1CSIWrr,Cory,29,latin r&b
4nDoRrQiYLoBzwC5BhVJzF,Camila Cabello,81,
5yYCc4KdgGsTDnOoSI45vj,Oscar Maydon,54,corridos tumbados;corrido;corridos bélicos
4o0NtnL2m0lzZmEdRas1qv,Ovi,70,corridos tumbados;corrido;trap latino;sad sierreño;urbano latino;corridos bélicos
1SCoi5U37R1KbEQHuKKgam,Lua de Santana,39,
1qto4hHid1P71emI6Fd8xi,Aventura,81,bachata
3IYKcXI1sFqT1ZtfyoW55C,Knak,52,argentine trap
7mWCSSOYqm4E9mB7V4ot6S,Miguel Bosé,72,latin pop
0sNvI8p4fuICGGH0pOCxUT,Eich,32,argentine trap
6pJPxDgaE0H343SrASnY9J,Yesan 雪山,56,argentine trap;trap
3D5AzlMCW0gCYlNvFANoEd,Mariachi Divas de Cindy Shea,34,mariachi;ranchera
2TjgzYcbTdsZjbT9OItIeB,"Héctor ""El Father""",74,reggaeton
10VBp06W8NIgMW4JruLCC4,Kidd Voodoo,76,reggaeton chileno;chilean trap
5NUPPRjsbXHNyVDrUESYeh,Grupo Arriesgado,69,corrido;corridos bélicos;sad sierreño;corridos tumbados
55IzEzlyUcBFqGgyam2Seo,Underaiki,47,hyperpop
3iOiMcmKYGm8kOxlBjTo0w,Luisa,38,argentine trap
3WG2Qwav9SV56V57SFe92i,Ivan Orozco,46,sad sierreño;corridos tumbados;corrido;corridos bélicos;sierreño
1FxPMQ9A0882eNDx3ZkD6B,La T y La M,73,cumbia;cuarteto;rkt;turreo
6tCJN1fQNdFCEaOa8Da9Wf,JADED,49,tech house
6eUKZXaKkcviH0Ku9w2n3V,Ed Sheeran,90,soft pop
4RFrAp13K0fHKH7IpSdKxi,Eme MalaFe,65,reggaeton mexa;mexican hip hop
4LyGCVZ22bGCY4BaW04Uyl,Mackie,59,reggaeton
4puAp107dCehraE47QXVQX,C.R.O,73,argentine trap;trap
6twEaJ9RPRYiCmWapjG8xh,Tony Aguirre,66,corrido;corridos bélicos;corridos tumbados;sierreño;electro corridos
6H8yLg2ml8H94LRjriezMR,Moy Bobadilla,64,banda
6VcsqZOR5AtEOGeAtmutCZ,Esau Ortiz,65,electro corridos;dembow belico;corrido;corridos tumbados
1TA5sGRlKUJXBN4ZyJuDIX,Blessd,85,reggaeton;urbano latino
50sIhX3HytFEwQXZJLUZQE,Alejo,61,reggaeton;urbano latino
12lHTAdc9T204lw5qPtasv,Foreign Teck,57,trap latino
1Cs0zKBU1kc0i8ypK3B9ai,David Guetta,89,edm
1ykothWH0xl8drRyJWuw7I,Ñejo & Dalmata,65,reggaeton
1NV0aHpx1XWBilmEFTPOSz,Junior Osorio,2,
7bNmosifuMqLwui79Cjqcd,Pancho Uresti,45,banda;norteño;corrido
44cW3xznP61BXbu0e7fgxn,Slayter,69,trap latino
7MNP6nVHIDvPCRvfCeAJpF,Pressure 9X19,59,trap latino
0akwFJC217vsXvFRi0Ns8v,Divino,42,
3E6xrwgnVfYCrCs0ePERDz,Wisin,78,reggaeton;latin
6mkRgafSHF30Dr2wEch4YU,ONIRIA,59,argentine trap;trap;techengue
7rOlQwf8OuFLFQp4aydjBt,Paloma Mami,66,chilean trap;reggaeton chileno
1XWQvHMnUr3CZQf88Pe4De,Notty,12,
541XEEr9pKMGGUzI3ld5a2,Wido,10,hyperpop
5LeiVcEnsZcwc133TUhJNW,Belinda,74,latin pop
3Z4dagwEl134FhOVlYvjt5,SOMBRA PR,57,trap latino
6LGGOg5XbaaB5cBo7HR61a,GeezyDee,70,
2DspEsT7UXGKd2VaaedgG4,Alex Rose,71,trap latino;reggaeton;urbano latino
2SNfNJDsahTSVFwgxposF5,Soge Culebra,59,
07hvj5YPoKfFLJY6DxUhch,VGLY,51,corridos tumbados;corrido;corridos bélicos
2Y6AtL4xQFvg8nroRM3ZV6,ODD MAMI,41,
6C5H5G8EN1hu9N1wtOF5Wb,44 Kid,37,argentine trap;turreo;rkt
7AUgYiThuW80zSOwY7Ub2g,El Mimoso Luis Antonio López,67,banda;norteño;grupera
2oQX8QiMXOyuqbcZEFsZfm,El Alfa,79,dembow;urbano latino;latin
6ndLrsgT3MV5CNxIrW71fw,DFZM,71,
0j8QSBQZ9MNSGjHr1Vll1R,Natalia Jiménez,64,mariachi;ranchera
1cFbhpBwVwgOtTZWRqJCYZ,Kay Trashu,18,hyperpop
0XwVARXT135rw8lyw1EeWP,Christian Nodal,80,banda;ranchera;mariachi;norteño;música mexicana;grupera
5RVuxgqu3esPo4LIrf4HUs,Jay Menez,46,trap latino
5FQ8tBUtIamA2hRtatrYUF,Marc Seguí,70,
68w2t0wbrGnxSIUHzWs5bt,Lito Kirino,57,trap latino;trap;dembow
0NHX4tbvyRotP1QBhjTHX3,Efecto Elegante,64,corrido;sad sierreño;sierreño;corridos bélicos;banda;corridos tumbados
43QAcxJuLK8pBo8yKn2Vgz,Juanillo Diaz,26,corridos tumbados;corrido
15gkNQT0p7OYVIJlzoNCo1,JM,1,
1OBizG9nrnHJkrL9NjnWYN,Lucho SSJ,61,argentine trap;trap;chilean trap
6TASDj2ogOKQptnxgEvrcP,Jowell,61,reggaeton
40XLXsvXDPJuQ6adeK9zh7,Max Peraza,62,banda
2yGXs7AlyNVetlMvwsFXGk,Muerejoven,43,argentine trap;trap
0dqT9B1Xej71qvAo8uE4Uh,Sahir,55,trap latino
4lDzMjsz7xLw4CFmfWJmWJ,Capoxxo,38,hyperpop;glitch;cloud rap
2Gxaf60UDXKrmcIhEjULSk,Davus,44,
7Bb4i0RT3zaudzb8KvxTUQ,Amarion,52,trap latino
0mJUOiqGhTu1QaoKP5m6W1,El Kombo Colobia,19,
6Xgp2XMz1fhVYe7i6yNAax,Trippie Redd,82,melodic rap
1yX62RHdYysNcIrO33WQxJ,Dani Flow,65,reggaeton mexa;electro corridos;dembow belico;reggaeton
6jPnjdXijpUoqWR4YTWDo3,Metalingüística,35,freestyle;chilean trap
0KKUc4amZyvswV2YL6WTar,Mariah Angeliq,61,trap latino;reggaeton
3ppQEG71r7jVpI8RudzycF,OHGEESY,70,
2eEmsgWmUFMbtU7agJpnjY,Miranda!,76,latin pop
7vXDAI8JwjW531ouMGbfcp,TINI,78,latin pop
2biH2I1TvZlIIIc5W14oIJ,"Franco ""El Gorilla""",65,reggaeton
360IAlyVv4PCEVjgyMZrxK,Miguel,81,r&b
3PkVrt8lRBTV2RDSICxz5X,Divino,50,reggaeton
3dC19P4w1BbDuwCailjybv,Nes,66,reggaeton chileno;chilean trap;reggaeton mexa;chilean mambo
3k9GPiGAtIAOfnfzzy3XQp,Estevie,44,sad sierreño
2YRyPiW98bpkARAS4B3OQP,Dei V,81,trap latino;urbano latino
5sUrlPAHlS9NEirDB8SEbF,Alejandro Sanz,81,latin pop
2IhhVEifV7ntdvp2YmMIzg,Reboll333,45,
14CHVeJGrR5xgUGQFV5BVM,Fivio Foreign,64,brooklyn drill;new york drill;drill;uk drill
6wH6iStAh4KIaWfuhf0NYM,Manu Chao,72,latin alternative
1xOk6ncnlNdMeSnLLLoMSa,Remp,58,electro corridos;dembow belico;corrido;corridos tumbados;corridos bélicos;reggaeton mexa;dembow
6veh5zbFpm31XsPdjBgPER,BIA,69,
4Fw6S1XIDNuw6dutII4SsZ,Keko Musik,47,reggaeton chileno
0hCNtLu0JehylgoiP8L4Gh,Nicki Minaj,86,
5WUlDfRSoLAfcVSX1WnrxN,Sia,88,
1r4hJ1h58CWwUQe3MxPuau,Maluma,86,reggaeton;latin;urbano latino
0Y30TbA4p8SAfCzy2AFBa8,Yaviah,60,reggaeton
77T5XlEwCRjlmRIioW5OXB,Clúster,54,argentine trap
7fq5dswPTNKcLD47Xhp9QX,ByMonkid,38,
6kPf6aO5cAHU2RJUDN1UUy,Beto Sierra,55,electro corridos;mexican hip hop;dembow belico;corrido;corridos bélicos;corridos tumbados
1jSjfSgDjedJdi5MoyRu78,Lary Over,67,trap latino;trap;dembow;reggaeton
3z26llYP0dIzgnmUp2vSAw,Chris Palace,45,urbano latino
2H5XfIuAQCXmaIDm7vcViA,Benji La Maldita Escritura De Oro,44,reggaeton chileno;chilean mambo;chilean trap;mambo
38Zp4UKTgjSoGoto3WHBNr,"Jenny ""La Sexy Voz""",42,
1pi7nGhOM7PTHR5YEgXVGq,Villano Antillano,67,neoperreo
5R3Hr2cnCCjt220Jmt2xLf,Dillon Francis,60,moombahton;edm;electro house
0SSbTivuMrvdqgCt7ln6jD,ICON,61,
2Jb9jVnCpWkXtoGznFJ6bF,ECKO,62,rkt;turreo;argentine trap;trap
2T1aUibqR2QC2sINIDQOAK,Mambo Kingz,77,reggaeton;trap latino
6pV5zH2LzjOUHaAvENdMMa,Neton Vega,87,corrido;corridos tumbados;corridos bélicos;electro corridos;dembow belico
0CUbRHUcHesT778ioJt9oM,Nivel C,51,corrido;corridos bélicos
5mgqYTU6dhKlEdi7DOy4uU,Alberto Stylee,49,reggaeton
1FEYq0PPuI50GJRqKKPT6w,Leandro Ríos,56,norteño;banda;grupera;cumbia norteña;norteño-sax
5xYNmNkaWRqu3e5F4UXME8,Alfredo Olivas,80,banda;corrido;norteño;sierreño;corridos bélicos
3m5qlPf2OkihLz3dRYnkPA,Ovy On The Drums,84,reggaeton
6r92NGrlnmNvFJA9Kl0PAx,Juanpa Salazar,60,corrido;corridos bélicos;corridos tumbados
7GQDI5Vmxs92RsIRZzYT11,Pirlo,70,
5yOvAmpIR7hVxiS6Ls5DPO,Omah Lay,76,afrobeats;afrobeat;afropop;afro r&b;afropiano;afro soul
0ssx5sZQzc1nZZF2Ks8qXZ,Grupo Maximo Grado,66,corrido;corridos bélicos;norteño;sierreño;banda;corridos tumbados
37230BxxYs9ksS7OkZw3IU,Chencho Corleone,78,reggaeton
2FU49QY6B4RA6orPrbC8P5,DOMELIPA,42,
6fMZytDgX1Q9OV6ndSugym,Akapellah,64,latin hip hop
6LOvxDn71T0wWhCDNcXcUj,Banda Carnaval,63,banda;norteño
2NZD6Gqfk60GEcAAnJKVsR,Stars Music Chile,55,reggaeton chileno;chilean trap;chilean mambo
7fT2Me47PQ8T7954PKrcwR,Bhavi,68,argentine trap;trap
65UC5VKwU4vBSBSHckQd5l,Yay,50,electro corridos
0Y5tJX1MQlPlqiwlOH1tJY,Travis Scott,91,rap
3ZJxEmjYZd5VOqZ8o3aXiL,ABRA,56,alternative r&b
4N1DN2tcz5u6FqREo6JX9x,Krizous,41,corridos tumbados
0x5lhIYknBUEozHuXjkwUs,Galee Galee,56,chilean trap;reggaeton chileno;chilean mambo;mambo
4NEQrC4AlByMUOmOp9H5hZ,Julián Mercado,55,sierreño;corrido;banda;corridos bélicos;norteño
7uaIm6Pw7xplS8Dy06V6pT,Trevor Daniel,62,
0PrhwIWbqYFYyY2ZrkIWgI,Adriel Favela,63,corrido;banda;corridos tumbados;sierreño;corridos bélicos;sad sierreño
2ylJfwCn0qxYK0SGf2D6py,Onyx Toca El Piano,41,trap latino
6Qhgat07PNOdnJSnCXJigu,千葉雄喜,58,j-rap
4o3YJfgarCUSVyPH5HKRA5,Marlku,38,argentine trap
2tYG2qpxONKldJ39D27Zbb,Alann Mora,35,banda
00me4Ke1LsvMxt5kydlMyU,Cosculluela,76,reggaeton;trap latino;latin hip hop
6Itjwvv5YmsC8ZcI5N4Jux,Sael,54,urbano latino
4zTS87j9J5bBv0R9AEzeC7,Fend,46,electro corridos;dembow belico;corrido;corridos tumbados
26XxGE8hLV1t9IYa8872lQ,Gianluca Vacchi,45,latin house
1XEVu7gdRFfzEFqsPrancH,rusowsky,71,neoperreo
5IYRfypwG9BDDh5ZRPI80z,Totoy El Frio,56,reggaeton;urbano latino
3KdCAZSWpRrPO0GTPnzsYV,KARBeats,60,
6FOpWOxsjQxKEbLiJpU1xV,India Martinez,63,flamenco;flamenco pop
66ihevNkSYNzRAl44dx6jJ,Carín León,85,banda;norteño;sierreño;corrido;ranchera;grupera;sad sierreño
4sFGEHs1ufSWEmfpTDm3DM,Gustavo Palafox,41,corrido;banda;sierreño;corridos bélicos
6lay1nwbE6hTx1jivysUAL,Princess Nokia,61,
7cjh6y0V9SsyCrWSXTzwOs,RBD,68,latin pop
6bpv92ES2Vcv2OKA3DAhgw,Joaquin Medina,61,electro corridos;dembow belico;corrido;corridos tumbados;corridos bélicos;reggaeton mexa
2IAxPmQzx2NuutHe7ta7gs,Bayron Fire,65,chilean mambo;reggaeton chileno;mambo;chilean trap
0EocQPg9ycs21gcvaVm9hh,Joss Favela,62,banda;norteño;sierreño;mariachi
62U9TXZx2SxvIoxXHtHlzR,Mexicano,35,latin hip hop
5CA5IqbsFr4hpNLdjgO0BU,DJ Tao,63,rkt;turreo;guaracha;cumbia
3zXsxf39Mj3d96u8Seopdd,Carlos Caro,22,sad sierreño;corrido
1Ts9of7VPZElwPQnqnDSfW,Lyanno,73,reggaeton;trap latino;urbano latino
3q7HBObVc0L8jNeTe5Gofh,50 Cent,86,old school hip hop;east coast hip hop
1WMwuNKzEFtU6pPkdtryYS,Kendo Kaponi,68,trap latino;reggaeton
4HzKw8XcD0piJmDrrPRCYk,Majid Jordan,68,
0Ln3BisQiL0t2w7bsmju75,Maria Blaya,30,
4RXxwBtdt6k1YNyyAyiOng,Pipe Bueno,61,popular colombian music;ranchera;colombian pop;vallenato
5lCxUN0t4niIy30texHRxo,Full Harmony,26,
1QgrwYywvDuC43MDtR8cqq,Leonardo Aguilar,58,mariachi;ranchera;banda
4myAXQmMuS1lZe8T6Y7eBg,Yomo,61,reggaeton
47mIJdHORyRerp4os813jD,League of Legends,78,
0odliLZMTk45CEVzF3Zocl,Mozart La Para,56,dembow
3A4wpNVgD1v07jIbFQBVTr,Jimmy Guzman,66,electro corridos;dembow belico;corrido;corridos tumbados
7aG8YUI5alfF2pi0n5Cg5H,Kris Floyd,54,trap latino
5iZfdXW7Tr4Th4MuqFeyIh,Julia Michaels,20,
1b94FVTCNMq9gU78ByW6iY,Close Counters,35,jazz house
55EA5tfk6pyYA7L6Hgb5Nr,Joel Elizalde,44,banda;corrido;norteño
7kjSuFGKhLm8b5qXoMhRkJ,Libianca,63,afrobeats;afrobeat
51ZSh80McCt7vbqHouzW0A,Yahritza Y Su Esencia,76,sad sierreño;música mexicana;banda;corridos tumbados
3cseuYmozraz4XJn6nDo80,Marco Flores Y La Jerez,54,banda;norteño
3p3jPcp8b7WL9XYj4xlsWj,Snow Tha Product,62,latin hip hop;mexican hip hop
0KPX4Ucy9dk82uj4GpKesn,Dalex,75,reggaeton
5MraexJKZDrQYzS98kNwie,Sevdaliza,70,
3fZk3Gm5dN5v5yfYMQ04Bx,Dímelo Flow,69,reggaeton;urbano latino
0VZrPa7mWAYXH4CwmYk8Km,Kidd Keo,69,trap;argentine trap
1vqR17Iv8VFdzure1TAXEq,LIT killah,71,argentine trap;trap latino;trap;urbano latino
66RfYVdftqnuHRicyClgL0,Dharius,67,mexican hip hop;latin hip hop;electro corridos
3KedxarmBCyFBevnqQHy3P,Jessie Reyez,69,
1rTUwYS38LkQTlT2fhikch,Yung Beef,78,neoperreo
00CEIWvwRzWGVahslNZW0Z,Hernan Sepulveda,59,banda;norteño
7qG3b048QCHVRO5Pv1T5lw,Enrique Iglesias,80,latin pop;latin
7KqZWDfO2BUR5ijW9CBWPe,Chalko,29,
2hejA1Dkf8v8R0koF44FvW,Gera MX,77,mexican hip hop;latin hip hop
7mVQGK5j4VKkAvdOhUotB1,Fernandezz,63,neoperreo
7keGfmQR4X5w0two1xKZ7d,Kungs,68,
7mXfsy3lF4kU0f2KTNKSr8,Corina Smith,60,trap latino
5KpmLKI7ktzNzQL13J95Pf,Cerounno,56,boom bap
18dspUI6gqabm5XCC2RcUD,SOG,68,reggaeton
08yYd8o1CrOjIpGHP2I6zU,Huan62,65,dembow
54seKvtsZauR1iauN0ptpo,De La Rose,80,
5szJHKg5xeUlQ9pTqzdpic,Taiu,68,argentine trap
7DkseLyOZrdRjCuoWFtqFi,Edicion Especial,74,corrido;corridos bélicos;norteño;sad sierreño;corridos tumbados
5DyLJzaY28nfyYFYu5a7Py,Ganggy,66,electro corridos;dembow belico;corridos tumbados;corrido;corridos bélicos
03ZdCrkA0RaY3tslOLbSTl,Paula Prieto,56,latin indie
2F4frns4hNKyvqeueLq9Ze,CRTRAP OFICIAL,42,argentine trap
3Nk2mAv4k4ZOzrP5tpXL2G,CLUB HATS,58,argentine trap;trap
0Zncosr79q01riJYbSBNA1,Turf,59,argentine rock
1QbKnLuatJMdjY8dFx7Nru,Nesty La Mente Maestra,39,
7Eu1txygG6nJttLHbZdQOh,Four Tet,62,idm;electronica
1sV3HHU1TBH5owKu0WLHf7,XROSS,72,
0wTR1DXxJ3Ok60O4K4U9WT,Mir Nicolas,47,boom bap
6ElqtIfQsAkEYypgfJIjeK,DannyLux,72,sad sierreño;corridos tumbados;sierreño;corrido;música mexicana;electro corridos
5vJg40S7jbzIIe6kEkouwY,El Bala,31,corrido;mariachi;corridos bélicos
4DYFVNKZ1uixa6SQTvzQwJ,Ken-Y,68,reggaeton
5EvFsr3kj42KNv97ZEnqij,Shaggy,76,reggae
49YbNTLaaAbZHLtDI2aPGL,Tesher,59,
6iyPY9ZvEGeB5mswBjwwNi,Alexis,41,hi-nrg
7yCGrS6Xh3UngvY6Ad5sMJ,LEGADO 7,68,corrido;corridos tumbados;corridos bélicos;sierreño;norteño;sad sierreño
2zPvDg6LI6NHPQVQIESjfW,Lara91k,47,argentine trap
16yTBMwXmeW9MQgfcHZgA7,Baby Johnny,46,trap latino
0V10XqRWsn8EGBwzCVAE7V,Legion RG,62,corrido;corridos bélicos;corridos tumbados
2cmqbSrv0RSUeYRuWkqSiQ,Officialalex425,58,sad sierreño;corridos tumbados;corrido;sierreño
4D2d63igYEdzhzFnxrSow7,Frijo,52,argentine trap;trap
03Enzet8KLMkjdeQnbqbmn,Pacho El Antifeka,51,trap latino
5he5w2lnU9x7JFhnwcekXX,Skrillex,77,dubstep;edm;electro;electronic
4wvFGToZWnDckTqRIjM6eN,Choforo,14,
3GoPGMx3Q2xUwmzM3RYGUq,Armenta,25,post-disco;boogie
0tmwSHipWxN12fsoLcFU3B,Manuel Turizo,83,reggaeton;pop urbano;latin;colombian pop
6RMWFexOHVj5ctezneQH5v,Andy Montañez,57,salsa;merengue
7bwjYGg7DOoLpV3AFK2Jmz,Catalyna,32,trap latino
1yPvnL2XGGehNiOGWzcAAG,Dan Sanchez,63,corridos tumbados;corrido;electro corridos;corridos bélicos;dembow belico
6wMr4zKPrrR0UVz08WtUWc,Black Coffee,66,afro house;afro tech;house
1tfhFc2Y8iplDKCteuXjCY,El Cherry Scom,61,dembow
5BwMgvRwlq61SmknvsVIQj,Rubén Blades,64,salsa;latin jazz;merengue;son cubano
4VVEpEhC8NcR7AqNEds42U,Chimbala,66,dembow
1vrahybrKylgwkjhbmOz94,Yera,53,colombian pop;pop urbano
5TcnuUD5MHBfd1cO4kweWD,Alex Favela,60,electro corridos;dembow belico;corrido;corridos tumbados;corridos bélicos
3FvwVFWRyvxmLyVBO9nBmM,COLORS,70,
3hHNp8Z01f4h9xtEoM4y3q,John Jay,37,latin hip hop
6UhGN5pVzgbBYjpqkxKM5F,lil joujou,39,trap latino;urbano latino
6f6NTISF0XjjlUxEmdXizO,Sheeno,40,electro corridos;dembow belico
0PcocXclEkDNkUgsdMHL4s,Bles,33,argentine trap
78F6Xkd46aMHkr4AP60TXY,Clarent,74,
6EcQO0oH1Bk27HMRlRNwYv,Mundialista Crew,30,argentine trap
7nNS9kiCWRqHGBcWxLB0Pk,J Castle,51,
7gK06FGYa8dtJogKJXAG80,Jota Rosa,32,
5eIRbSES1yeGSBuqZ4xvuD,Pekeño 77,47,argentine trap;trap
7pESOE4dEq8Yk4OKlJa3pS,Panter Bélico,70,corrido;corridos bélicos;corridos tumbados;banda;sierreño
4F4pp8NUW08JuXwnoxglpN,Bad Gyal,74,neoperreo
4IndUOBCZYZg61557iq2A9,Maldy,60,reggaeton
5cDfQlhT80II3f2ECXm6oA,Chanell,51,trap latino
3ScIigEm9KZUrUQtXzBmKJ,Cozy Cuz,53,electro corridos;dembow belico;mexican hip hop
78rkeQAvjl85yNyLAqEMVe,Mañas Ru-Fino,61,latin hip hop
2uXjfliPmAWgaiY2mSAdnj,Lalo Reyes,25,
1SupJlEpv7RS2tPNRaHViT,Nicky Jam,83,reggaeton;latin
1pQWsZQehhS4wavwh7Fnxd,Lenny Tavárez,78,reggaeton;urbano latino;trap latino;argentine trap
6hoEOl9IznIMCpG5fyUS09,Djimon Hounsou,23,
5AS4y4rlmbUYDCdg35qmI9,paopao,58,urbano latino;latin r&b
3CbYyyd8wH3RT6t0jwpdzC,Murda Beatz,58,
3ghRXw2nUEH2THaL82hw8R,La K'onga,68,cuarteto;cumbia
6H70hylNqfc86Omz8GoyDB,Tobi,48,argentine trap;trap
0bslv0fksKPyiH3LQqHagi,Zell,62,argentine trap
37BIBvfliXJpSgn10yQUJM,Mr. Naisgai,57,reggaeton
1uy3w1dRiwRTYHiOOzZ5EE,Elian Bless,27,
4j1Usj1sKyLB9CDpSZSZ2C,Tyan G,48,corridos tumbados;corrido;corridos bélicos;electro corridos
0YRwUbRxrawmnBdixwJi5W,Régulo Caro,59,banda;corrido;sierreño;norteño;música mexicana
34QXLsWxq4VfVQFyUm4joW,Chyno Nyno,6,
1y6tVxTqgNfqxTayfohSKJ,Lucho RK,72,
3NpG6SsHaQETkdQVZH6V1E,Kiko el Crazy,48,dembow
7tU1VKOuxiNZwBZC6RHidA,Alexis y Fido,68,reggaeton;urbano latino
5X4LWwbUFNzPkEas04uU82,DVBBS,59,edm;big room;electronica;slap house
5gpZDWWbuzTAEzPAGHcSqY,Santino Villarruel,34,
39FKVjqhZLz4E1iG77d5AO,Dowba Montana,54,dembow
4QVBYiagIaa6ZGSPMbybpy,Pedro Capó,67,latin pop;latin
2lcWprkQW6ehqKep82rWnC,Moffa,41,urbano latino
5NenY2Jl9wwLRxf86go4Y8,Fran C,61,reggaeton chileno;chilean trap;chilean mambo;mambo
4C3ZmIqca9MWwThLaYbfXu,The Academy: Segunda Misión,57,
71b9o7hUamjlxnBq4h7bdQ,Yailemm,27,
6n28c9qs9hNGriNa72b26u,PNAU,71,
7H4WTvvOCWtAuj3gMoldrt,Fido,24,
5Rj6rNR8zIlUUDCs1OyPmW,MYA,59,cuarteto
2k74pCf0NdIPHGCpwocdxG,bosco herrero,38,hyperpop
3BQAQ5pSX01pjomONRW4ty,Wise,44,reggaeton
4XYbaR6YgnY4Nb6kz250cu,Gera Demara,47,
5l6N2hoIaP7snXdjnCULvk,Luis Alfonso Partida El Yaki,69,banda;sierreño;norteño
0b4EVanoJb8wkWF7QUA3uY,Sin Nombre,49,
7c0XG5cIJTrrAgEC3ULPiq,Ty Dolla $ign,83,trap soul
4QrBoWLm2WNlPdbFhmlaUZ,KEVVO,60,reggaeton
5P6cHh4NtlZIaRKDHji2fY,Los Ballers,45,
6yQqyQJiGD4UgKNE02P4Np,Square Houze,39,latin afrobeats
4kejafUkN53v2HsYzMhgaJ,Jenay,32,trap latino
4GN1eZnMxHLMX8a7sBBbFc,Cuti y Roberto Carabajal,52,folklore argentino;chamamé
3abT87tqQ4Q5PA5nw6CYyH,Ángela Aguilar,67,mariachi;ranchera;banda;música mexicana
7eLcDZDYHXZCebtQmVFL25,Aitana,77,
1u6AXgo5qmg0tfY8rDP18Z,Juliito,49,trap latino
3g1nUbVtiYjO2XNs5DGpLB,Nueva Era,37,corridos tumbados;corrido;sad sierreño
1Q6SZxTvaE3HhslV0iXbI6,Herencia de Patrones,66,corridos tumbados;corrido;corridos bélicos;sierreño;sad sierreño
3hcs9uc56yIGFCSy9leWe7,Lil Durk,81,chicago drill;drill
5lwmRuXgjX8xIwlnauTZIP,Romeo Santos,87,bachata;latin
03y4yOxhLk6MDJ1bV424uO,Lavern,61,stutter house
5bWUlnPx9OYKsLiUJrhCA1,Jon Z,73,trap latino;trap;dembow
0u4eSD22YhmWJMg1A22GBw,Alejo Park,24,argentine trap
7wU2WGCJ8HxkekHHE2QLul,Fuego,61,trap latino;reggaeton
1eTInlBizrAteaACHeE85y,dayvan,42,hyperpop
3ipn9JLAPI5GUEo4y4jcoi,Ludacris,79,southern hip hop
65VS702SIPGgTpWgTQupMA,NEGRO DUB,49,rkt;turreo;argentine trap
5EQuMf3chH4yv7UPEiVIxx,Campedrinos,57,folklore argentino;chamamé
2sSGPbdZJkaSE2AbcGOACx,The Marías,85,bedroom pop
3MHaV05u0io8fQbZ2XPtlC,Prince Royce,81,bachata;latin
0Tyf4eMcgHNc7xTDFe9Yqs,TURY,67,
6GlX3FdCQrMftGfVaWcmPZ,NTG,67,dembow
3i6lAgVHplDXb6zrjIeBeK,Kris R.,79,
5o7fmoqHl79fzoCzeApdxm,Sticky M.A.,54,hyperpop
6jGMq4yGs7aQzuGsMgVgZR,Lil Tjay,77,brooklyn drill;melodic rap
74NBPbyyftqJ4SpDZ4c1Ed,Tom Morello,66,
62zWXNKBdOWd9TIdkZ7BQN,Polaco,40,reggaeton
7gPZtpMaLi5zBkroBdl6Su,Nelly Nelz,34,
4Wcscw7z9AAE6y7qWdIAin,Dylan Fuentes,49,latin afrobeats
29rvPhemBdOLYdLr2xI8dr,Six Sex,56,neoperreo
1U1el3k54VvEUzo3ybLPlM,Kali Uchis,85,
34nbQa7Hug9DYkRJpfKNFv,T3R Elemento,71,corrido;corridos tumbados;sierreño;sad sierreño;banda;corridos bélicos;norteño;música mexicana
2OHKEe204spO7G7NcbeO2o,Ñejo,72,reggaeton
0ThxHJx0ElqLD8h2Compyq,WEST DUBAI,49,argentine trap;trap
6NyPX5jymkvSPaJhCh1crb,Yeruza,51,trap latino
0JdvRpul2MbuhX7k0FUkko,Nando Boom,49,reggae en español;calypso
34OTRVwyaE8DkOrGMQa7Ah,LATENIGHTJIGGY,36,latin r&b
5sZKwZcGSzyVnO1P62PdCq,Genio,38,
41qil2VaGbD194gaEcmmyx,Will Smith,67,
46pWGuE3dSwY3bMMXGBvVS,Rema,78,afrobeats;afrobeat;afropop;afropiano
0B2e3wwBBGGuCR2hPOG70C,Opi,7,raï
4cK5uxWRVJ3QOSfaBMX2Ex,Cupido,47,
6GRwwWAtmusrgAL5JF9Dfr,Callejero Fino,64,rkt;turreo;cumbia
7tETQjUDr6hqeJVd0WyuhH,El General Gadiel,41,
1otleRGxIU5q64yzCNUHsi,Michie One,32,
0Po5jQg8puEmTBiVsfY38p,Izzay,20,argentine trap
6WDM3vQTsUQ4pMBUhAlHQv,Jorge Morales El Jilguero,37,corridos bélicos;corrido
1Xyo4u8uXC1ZmMpatF05PJ,The Weeknd,96,
7CLB24LNjPo8vY0BH8ymES,JhonnyX,24,
3S9Hg7sRKhmtWunFZ2yAYP,El Bogueto,80,reggaeton mexa;reggaeton
4zOhMWD0LoBe2nP7s9cHhX,Joyce Santana,56,trap latino;urbano latino
0TC8XvQTSQMh4beW43FsAH,Austin San,51,
2IMZYfNi21MGqxopj9fWx8,Rels B,83,urbano latino;trap latino
2LmcxBak1alK1bf7d1beTr,Juhn,73,trap latino;reggaeton
0fEjMgQHvs06BQuWWzsbrn,Orodembow,52,argentine trap
6B1hSmaLdOvChinK2Z7gfi,Maisak,66,reggaeton
0ltbviqVlCHhrg8vh9rcII,La Pauta Crew,22,banda
1aLC6PgrX4A5tfrpQozpQw,Carlos Sarabia,42,banda
3PpJbrAbphauEun8Xf9tD2,Theodora,77,shatta;french rap
23herDudxPBB3S81GB5uG3,Alizzz,53,
33ScadVnbm2X8kkUqOkC6Z,Don Omar,85,reggaeton;urbano latino
17vZy9fIIt6woqdWfc7UCy,Sinfonico,59,trap latino;trap
7rFHoDuiSlV0DGHxckjm89,Lia Kali,65,
4VPLEp6rYxqpf6n0QEkS5z,El Rabbanito,55,corrido;corridos bélicos;sierreño
3ZpEKRjHaHANcpk10u6Ntq,Ayra Starr,76,afrobeats;afrobeat;afropop;afro r&b;afropiano;afro soul
4RrXHNX7VXByhbgW4ONITY,Og Black,22,
5xkFVS6IwwgHEAaRzXc9U3,Tay Keith,58,
4Enz9bGPvgSkKRLyLeQL43,Magicenelbeat,48,reggaeton chileno;chilean trap;chilean mambo
7j6DKwmjbxvpQO8h914uEz,Ryan Castro,81,reggaeton
3ptY5WTxu77JpAQQnHyxEl,Yandar & Yostin,56,reggaeton
2TQ4CGgxxCWHqa9yYIGDoU,Big Soto,63,urbano latino;trap latino
1YmUDtVMLCpjypyu8gNJRc,Carlos Osuna,26,banda
6sq1yF0OZEWA4xoXVKW1L9,Alejandro Fernández,78,mariachi;ranchera;latin pop;bolero
1NejZ771d4oSoEcD6qBAIA,Nueva Era,37,corridos tumbados;corrido
0F0qHLgO0rPrxKUjv19N7z,DJ Urba,49,
51XrH5fQP2oIQynuKxSWcW,Sky Rompiendo,70,reggaeton
0rjms710nwQTdrQheXHJfz,Standly,67,reggaeton chileno;chilean trap;chilean mambo;mambo;reggaeton
0NGAZxHanS9e0iNHpR8f2W,Alok,78,brazilian bass;electronic;slap house;electro house
7LNIbiKKGIMlw7GjgJlR0w,Blagh,42,argentine trap
6Vlv2tBpKw6ib5C7DHkOfq,Angel Tumbado,54,corridos tumbados;corrido;corridos bélicos;sad sierreño
0ZCO8oVkMj897cKgFH7fRW,Los Ángeles Azules,78,cumbia;cumbia sonidera;salsa
5OBK3iQwjNQqElPmn4TgAE,Natan & Shander,52,reggaeton
79ehGac6casNGvc5n8XL7J,Arón Piper,46,chilean trap;reggaeton chileno
2qbEtwBVyobgpNP5KcHE9J,Pusho,61,reggaeton;trap latino
5Ln6VxkwRDdAH40Lel6Yj8,Nidia Gongora,48,electrocumbia
5Uox3n7m4W2CoM9MmHPJwQ,Delaossa,67,
5LHRHt1k9lMyONurDHEdrp,Tyga,80,
0mYDDBNR5KCRC68CkmeOJB,Nathan Galante,49,banda;sierreño
5Y5TRrQiqgUO4S36tzjIRZ,Timbaland,82,
2JW58Zzu11HCWLaMou9UGD,HERNAN TREJO,58,corridos tumbados;corrido;corridos bélicos;electro corridos;sad sierreño
6VD4UEUPvtsemqD3mmTqCR,Deorro,66,melbourne bounce;electro house
3c0gDdb9lhnHGFtP4prQpn,KATSEYE,84,k-pop
0y9rTsbpRAIIkDMP3DsNro,Novillos de la Sierra,65,sierreño;corrido;corridos bélicos
2NfSBtmWe7oPw1EmetJVso,Boza,71,reggaeton;latin afrobeats;urbano latino;pop urbano
2sfOYs479VgaVHNPJKyG4n,BlueFire,47,
7sQ3Q6yYyg0SdpEezJN8UT,El Coyote Y Su Banda Tierra Santa,70,banda;norteño;corrido;ranchera
39hfuTf4PHfnHgIl0QBDGL,AKRIILA,64,neoperreo;chilean trap;reggaeton chileno
0OROVBEZCocg0FcgJpyBse,Alex Sensation,54,reggaeton
59i796WO8u13nx3QHDCrF9,Los De La Huerta,7,corrido;corridos bélicos
0yqEvM2Huy4NWzhKK7hPFF,Nico Canada,32,
40xbWSB4JPdOkRyuTDy1oP,Nicole Scherzinger,62,
23TFHmajVfBtlRx5MXqgoz,Sfera Ebbasta,78,italian trap;concerto;trap
6xlRSRMLgZbsSNd0BMobwy,DENNIS,70,brazilian funk;funk carioca;funk pop;funk melody
2PxnKk0fTNgMzm5pY6tINL,Yaisel LM,51,dembow
4hH0kU21cZ8vbWNuRhXk7v,Tito Flow,43,
3j4R4YNDy0bqJ2io0ieObP,iseekarlo,41,
4ncaw2cfA3Wlly1tBD2eWt,Yailin la Mas Viral,67,dembow
67s0oOKE73W45e5UawllhS,miguel cornejo,59,corrido;corridos bélicos;corridos tumbados;sad sierreño;electro corridos;sierreño
2HvyR5FsU37QMqVzIbGwl7,Mercedes Sosa,62,trova;folklore argentino;nueva trova;latin folklore;latin folk;chamamé;folclor andino;singer-songwriter
33mpx3IrKw93IM1C8tVSQi,Lisan Beat,46,argentine trap
4PXThoWa6Eg0a1Cui7KJee,Willy Rodríguez,47,reggae en español;reggae
1gBHZ6j8W5Xs3t9gmvedJw,Oliva,34,zouk
5OugQZ3PqgRofo9mtzVYN3,ERRE,44,sad sierreño;sierreño;corridos tumbados
5SWXhtigdFs6Q9Wqri5ROo,Sintapia,49,electro corridos;dembow belico;corridos tumbados;corrido
2RON3ZWvFVAHpiJA74KNHj,La Exce,44,trap latino
5rHC8VSODpT9V7a8ZQu1h6,ORO600,51,argentine trap
4Ng3fh1nc5L04iXPL8vqc7,Best,53,reggaeton chileno;chilean trap;chilean mambo;mambo
7cxq5jTv6N3KjPehEhnlXG,Alonso Ortiz,48,corridos tumbados;corrido;corridos bélicos
1BLB1WyIlAsBD2l6bQOEtN,Clandestino,26,
2QWIScpFDNxmS6ZEMIUvgm,Julieta Venegas,76,latin pop;latin rock
1UjxAZqzphB1tsMb1aWBj0,Omega,65,mambo;merengue
2HPaUgqeutzr3jx5a9WyDV,PARTYNEXTDOOR,85,dark r&b;r&b;trap soul
26ySWzeJU0Z7k3PIS1oMsB,Chencho,23,reggaeton
15o9015fLMdtdULkGPBCqL,Jhonny Caz,13,
6AMa1VFQ7qCi61tCRtVWXe,Jim Jones,54,
0TnOYISbd1XYRBk9myaseg,Pitbull,86,
4NGOJedxkGWwkbB5QiSJd1,Jhay P,52,
0sISeGVb8SMEQGbI9DBfov,LA ÉLITE,42,egg punk;indie punk
7j7bOkG9ZQncpAXyIJ2aUG,Delirious,39,
7vWC03wqXwUqjPON8hc1tz,TELYKAST,56,
3lY9Fxceu60W1rbon7PkuF,Omar Montes,66,flamenco;flamenco urbano;flamenco pop
2UMj7NCbuqy1yUZmiSYGjJ,MC Kevin o Chris,70,brazilian funk;funk carioca;brega funk
4C29ETLBPmYKYwtJUepbJz,Seven Kayne,60,argentine trap;trap;trap latino
4kh6gKONPBfkCCd818b1PS,Daniel Vazquez,37,corrido;corridos bélicos;electro corridos;dembow belico;sierreño
1c22GXH30ijlOfXhfLz9Df,Elvis Crespo,69,merengue;latin dance;salsa;latin
1r8tUG15NMJEj1j5NynES7,Banda La Costeña,58,banda;ranchera;norteño
1OFOShsIbhy1l5x73yuVyB,Shenseea,71,dancehall;soca;afrobeats
1pEqLDmVTqmfwfywlwL7wL,Jotaerre,39,urbano latino
2TzPi0fPdqVesjZ3Y2wY43,Orslok,45,hyperpop
2dlRleofo4idNGf8Ju9GTO,Travy Dev,23,hyperpop
7BOLXRhKCofrP6ESS7Owuo,Lennox,62,reggaeton
7jAs1uPnpfNmT6e5qtEPxq,ATL Jacob,68,
7FsRH5bw8iWpSbMX1G7xf1,Joan Sebastian,80,ranchera;banda;mariachi;grupera;norteño;música mexicana
2p4aN0Uxkk3iT3HK0cJ2cJ,Tokischa,72,dembow;neoperreo
23L3bzvIziNKZw42P3lwsH,Alfredo Montaño,41,banda;norteño
1XrNDYzPQVM08PdMRn1mvP,Raúl Beltran,71,corrido;sierreño;corridos bélicos;corridos tumbados
3RtNN1VnooWEn3KQk03DUL,Noriel,79,trap latino;dembow;reggaeton;trap
3nuuzbcB3ZdqrEQYqR2SQJ,Lui-G 21+,42,reggaeton
31VFEohvhOUKrtAONEBhMG,Kenia Os,71,reggaeton mexa
4Ge9GwmWnOQsohwPTrXyHc,Gordo,61,techengue;afro house;latin house
2b01rwtcqW5LyfVBMzIFQ4,Kate Linn,57,
06SF4BIHG5xinTaS2x59qG,keyblayde808,28,hyperpop;glitch;cloud rap
5rnUlLid4WEcDmAz6McM33,Mechi Pieretti,31,acoustic pop
4EcIU574ksr6mC1GMEOe0p,Midel,50,argentine trap;trap
0uxYECT7XqHNccQAg5Uhe4,Nico Valdi,59,cumbia
0EmeFodog0BfCgMzAIvKQp,Shakira,88,latin pop
6XTGKOV9jceQ6f67lnhpbF,LATIN MAFIA,77,latin r&b
1fIJZfSmqQkuqfKNRmrS1V,El Jordan 23,65,reggaeton chileno;chilean trap;chilean mambo;reggaeton mexa;mambo;reggaeton
1GDbiv3spRmZ1XdM1jQbT7,NATTI NATASHA,73,reggaeton;latin;urbano latino;bachata
06Q5VlSAku57lFzyME3HrM,Ke Personajes,75,cumbia;cuarteto
07YUOmWljBTXwIseAUd9TW,Sebastian Yatra,79,colombian pop;reggaeton
1RBzGO6Nm3uyhUSxP7EDWO,KEVIN ROLDAN,71,reggaeton;trap latino;urbano latino
352qR89UvJCYHGnCSUwMqw,Pabblo,42,corridos tumbados;corrido
6YVMFz59CuY7ngCxTxjpxE,aespa,79,k-pop
6PH3FLQAxtqYy46Zv08bpV,Ivan Cornejo,79,sad sierreño;corridos tumbados;música mexicana;corrido;sierreño
2FmE1yzXXBWKlRiOl0AqD8,Zecca,41,argentine trap
0qHbO3z6lgLE6ZYCkQBo1K,Lil Supa,59,latin hip hop
6P6GTRTigHBp8ZesNtpCKH,Almighty,76,trap latino;reggaeton;trap
4DxlG8gbthzgDeDZiywaoQ,Louchie Lou,31,dancehall
5lFhCi03HDneWzvCxGctrT,Jory Boy,73,reggaeton;trap latino
4aWhlVjiUjYHpVWBPP8AFc,Grupo Codiciado,61,corrido;banda;corridos tumbados;norteño;sierreño;corridos bélicos
32IoF74fLhRaNSuABa3HO7,Joel Nuñez,30,corridos tumbados;corrido;corridos bélicos
4Y1YeIY4yWN4U5Qwi68Soq,Toni Anzis,61,flamenco urbano
1vyhD5VmyZ7KMfW5gqLgo5,J Balvin,89,reggaeton;latin
1DxLCyH42yaHKGK3cl5bvG,Maria Becerra,80,argentine trap
1DA8SLXtp8MMVpgaOWzMQr,Chuy Lizarraga y Su Banda Tierra Sinaloense,65,banda;norteño
4Tw0VaV1ENei24iQnktjXj,Alexio,59,reggaeton
0lsEtpjLWn4S7KBra82VG3,Aldo Ranks,50,
5U5wYVqrbD6J8SK4kNhau4,Kaleb Di Masi,56,rkt;turreo
6K33IlAAM2crUmPtnc4j6H,Young Flow,37,trap latino
5vLOlJcOKe9DfBC5LeLpSs,Lucas Arnau,45,colombian pop;latin pop
7x7vfF89MqM94K8wvK3Omq,La Duraca,34,
10yoMUJRhiYQXeSBqyckcK,Meño Segovia,39,banda;norteño
2FzRIRtYVDBIJBvTqh7xzQ,Xiyo,64,neoperreo
7a9gFzWS5uEHtbNNgA6xyM,D.OZi,53,reggaeton;trap latino
5dHeVV4GJVmQwEWqqOuB8v,Juanchito,52,sad sierreño;corrido;corridos tumbados;corridos bélicos;sierreño
4toIblSAfEe7buSwNPRmaF,El Yaki,27,sierreño
4TDr2te1ZvxbEchksH77Dp,Akim 88,43,argentine trap
4az97MtWmBQ5Db3GfDh9j9,Morad,80,
2Oc5k5AzcBOoH470jTgZzp,El Frizian,52,banda;corridos bélicos;norteño;cumbia norteña
2iPrKTKzQOV6F6PZOS8lMI,Mex Urtizberea,52,folklore argentino;chamamé;latin folklore
228pVneav5qwbCGQrrqQo4,Macario Martínez,55,mexican indie;sad sierreño;latin indie
3BHSpo1fuUPXqRTsokxL6k,Jehza,35,trap latino
3dhMDOAn4QhiSEerNabrnG,Eddy,55,sad sierreño;corridos tumbados;corrido;sierreño
0v4ZR80GST5lTyY4b6UEzR,DRED BEY,38,
7t6PzXRwTR6eb4lNHxyhIC,Benji Blue Bills,55,
0z4gvV4rjIZ9wHck67ucSV,Akon,84,
7cd0OMsXCsilwM1gwmJ5dF,Robbie Meza,11,
4PzYKhC14sTJNEr0dzoo0d,Luísa Sonza,74,brazilian pop;funk pop;brazilian funk
7Kh6SBEGtFtqjYo5bN0ACG,Young Martino,58,trap latino
2cPqdH7XMvwaBJEVjheH8g,Jay Wheeler,77,reggaeton
7lCRuW6BSXGAsxuQV9lR0i,Gigolo Y La Exce,64,trap latino;reggaeton
6ubJLRTVzomuWIScbguoSY,Grupo Diez 4tro,50,corridos tumbados;corrido;corridos bélicos;sad sierreño;sierreño;música mexicana
6RGri3BX7P64gUBuf6uU7p,AFTER,47,argentine trap
063Vp9es6lLAbFUDtIAkFD,Abraham Vazquez,60,corrido;sierreño;corridos tumbados;corridos bélicos;sad sierreño;banda
3qcl8ck0RTpenPbFmZa2p5,Genio La Musa,39,
1y8spb5Thg0p5ybNtdk4tu,Jezzy,70,dembow
2ylQO8qFEBINvkNNZGe4uC,Omar Ruiz,55,corrido;sierreño;corridos tumbados;banda;corridos bélicos;música mexicana
6JaOGIlSvYswVLPmGUheOO,GARABATTO,58,
0AdjzZxHJ4MfbImx2rD0Df,Pj Sin Suela,57,
