spotify_id,name,country
2R21vXR83lH98kGeO99Y66,Anuel AA,Stati Uniti d'America
4SsVbpTthjScTS7U2hmr1X,Arcángel,Stati Uniti d'America
4q3ewBCX7sLwd24euuV69X,Bad Bunny,Stati Uniti d'America
2C6i0I5RiGzDKN9IAF8reh,Banda MS,Messico
0v7JYEoQOQbzNNESKwxmzT,Banda Tierra Sagrada,Messico
5QS9NAK4AgJPTcRe472pZA,BB Trickz,Spagna
4obzFoKoKRHIphyHzJ35G3,Becky G,Stati Uniti d'America
0cr0zp1CI5bVOrXaVzfpUI,bic,Argentina
716NhGYqD1jl2wI1Qkgq36,Bizarrap,Argentina
6w3SkAHYPsQ1bxV7VDlG5y,Cazzu,Argentina
1Yj5Xey7kTwvZla8sqdsdE,Cris MJ,Cile
4VMYDCV2IEDYJArk749S6m,Daddy Yankee,Stati Uniti d'America
1bAftSH8umNcGZ0uyV7LMg,Duki,Argentina
5XJDexmWFLWOkjOEjOVX3e,Eladio Carrión,Stati Uniti d'America
0AqlFI0tz2DsEoJlKSIiT9,Emilia Mernes,Argentina
0XeEobZplHxzM9QzFQWLiR,Eslabón Armado,Messico
2LRoIwlKmHjgvigdNGBHNo,Feid,Colombia
0ys2OFYzWYB5hRDLCsBqxt,Fuerza Regida,Stati Uniti d'America
6Sbl0NT50roqWvy746MfVf,Gabito Ballesteros,Messico
1dKdetem2xEmjgvyymzytS,Grupo Firme,Messico
6XkjpgcEsYab502Vr1bBeW,Grupo Frontera,Messico
7Gi6gjaWy3DxyilpF1a8Is,Junior H,Messico
790FomKkXshlbRYZFtlgla,Karol G,Colombia
4m6ubhNsdwF4psNf3R8kwR,Khea,Argentina
49EE6lVLgU8sp7dFgPshgM,La Adictiva,Messico
5bSfBBCxY8QAk4Pifveisz,La Arrolladora Banda El Limón,Messico
4IRXvbsbSP4oHm4adUdQlt,Laura sad,Unknown
4UqfXEVibVEPfoopm7Pduc,Los 2 de la S,Messico
0pePYDrJGk8gqMRbXrLJC8,Luis R. Conriquez,Messico
19HM5j0ULGSmEoRcrSe5x3,Milo J,Argentina
0Q8NcsJwoCbZOHHW63su5S,Mora,Stati Uniti d'America
7iK8PXO48WeuP03g8YR51W,Myke Towers,Stati Uniti d'America
0elWFr7TW8piilVRYJUe4P,Natanael Cano,Messico
2UZIAOlrnyZmyzt1nuXr9y,Nicki Nicole,Argentina
3l9G1G9MxH6DaRhwLklaf5,Óscar Maydon,Messico
1i8SpTcr7yvPOmcqrbnVXY,Ozuna,Stati Uniti d'America
3vQ0GE3mI0dAaxIMYe5g7z,Paulo Londra,Argentina
12GqGscKJx3aE4t07u7eVZ,Peso Pluma,Messico
52iwsT98xCoGgiGntTiR7K,Quevedo,Spagna
1mcTU81TzQhprhouKaTkpq,Rauw Alejandro,Stati Uniti d'America
04mTej6RpWzBxGwhfThpIi,Rojuu,Spagna
3QchzUOTSCKWmaRGEEiuir,Saramalacara,Argentina
77ziqFxp5gaInVrF2lj4ht,Sech,Panama
0GM7qgcRCORpGnfcN2tCiB,Tainy,Stati Uniti d'America
5eumcnUkdmGvkvcsx1WFNG,Tito Double P,Messico
0eHQ9o50hj6ZDNBt6Ys1sD,Yandel,Stati Uniti d'America
3qsKSpcV3ncke3hw52JSMB,Young Miko,Stati Uniti d'America
4aSlfXDn9R60UlbZEboBUy,YOVNGCHIMI,Stati Uniti d'America
1KUm2LsC3HnPKHvIoo4cKu,Ysrael Barajas,Messico
12vb80Km0Ew53ABfJOepVz,Ñengo Flow,Stati Uniti d'America
12lHTAdc9T204lw5qPtasv,Foreign Teck,Stati Uniti d'America
1TA5sGRlKUJXBN4ZyJuDIX,Blessd,Colombia
5VdG4Pm8hryqK7jAkdFlIo,Cheo Gallego,Unknown
1GDbiv3spRmZ1XdM1jQbT7,Natti Natasha,Repubblica Dominicana
5rHC8VSODpT9V7a8ZQu1h6,ORO600,Unknown
0vd9wwMIQeKaNQsaHUbcl2,Arsenal De Guerra,Unknown
2YTyoyU90b3CF5x91YjVaQ,Playero,Unknown
1lpOgw56wZLDa8gaP6bSIs,Fast & Furious: The Fast Saga,Unknown
6LOvxDn71T0wWhCDNcXcUj,Banda Carnaval,Messico
55Aa2cqylxrFIXC767Z865,Lil Wayne,Stati Uniti d'America
029uS2pMvwk0TsIUTHkyyw,Amaro,Unknown
4kYSro6naA4h99UJvo89HB,Cardi B,Stati Uniti d'America
7lCRuW6BSXGAsxuQV9lR0i,Gigolo Y La Exce,Unknown
6RPeBghYnSwGV6FOw7huuN,Esteban Gabriel,Unknown
3BQAQ5pSX01pjomONRW4ty,Wise,Giappone
3m5qlPf2OkihLz3dRYnkPA,Ovy on the Drums,Colombia
4QFG9KrGWEbr6hNA58CAqE,Alemán,Messico
5gpZDWWbuzTAEzPAGHcSqY,Santino Villarruel,Unknown
74NBPbyyftqJ4SpDZ4c1Ed,Tom Morello,Stati Uniti d'America
7H4WTvvOCWtAuj3gMoldrt,Fido,Unknown
2lcWprkQW6ehqKep82rWnC,Moffa,Unknown
2ydZrTy8U3kOMOzx20s3dg,DJ Nelson,Stati Uniti d'America
5xp0m6dRz284in9nArK60v,Octubre Doce,Unknown
0x5lhIYknBUEozHuXjkwUs,Galee Galee,Unknown
2TzPi0fPdqVesjZ3Y2wY43,Orslok,Unknown
7AUgYiThuW80zSOwY7Ub2g,El Mimoso Luis Antonio López,Unknown
66ihevNkSYNzRAl44dx6jJ,Carín León,Messico
1SupJlEpv7RS2tPNRaHViT,Nicky Jam,Stati Uniti d'America
2KtMll7bpqySnZhr8wriRE,Q125292379,Stati Uniti d'America
3KdCAZSWpRrPO0GTPnzsYV,KARBeats,Unknown
7MNP6nVHIDvPCRvfCeAJpF,Pressure 9X19,Stati Uniti d'America
4WzBqbc7fxl2y8XrznMSqf,Candelita,Unknown
3aWnyANApsrS1yIpPu873P,Los Pikadientes De Caborca,Unknown
09Hzsy5bgnADJzIVlYUoQ3,Los Minis de Caborca,Unknown
329e4yvIujISKGKz1BZZbO,Farruko,Stati Uniti d'America
3dC19P4w1BbDuwCailjybv,Nes,Unknown
1IxZyCzEKTCm8z7gSgyfTU,Fish Narc,Stati Uniti d'America
6dLuQ5qXxIuWc5urxfIiZR,Calle 24,Messico
2eqoJbzUGDwys5ENUkbT3h,J.I the Prince of N.Y,Stati Uniti d'America
0dUyjgCyjfj5eMx6bX2TWf,FMK,Argentina
37BIBvfliXJpSgn10yQUJM,Mr. Naisgai,Unknown
0IoWUuXfqpkfpxBRzthHU4,Codiciado,Unknown
6j3TVnrOKJQYWcX5YKLMkV,Ela Conem,Unknown
31VFEohvhOUKrtAONEBhMG,Kenia Os,Messico
34Y0ldeyUv7jBvukWOGASO,Bobby Shmurda,Stati Uniti d'America
3nuuzbcB3ZdqrEQYqR2SQJ,Lui-G 21 Plus,Stati Uniti d'America
5CiGnKThu5ctn9pBxv7DGa,Benny Blanco,Stati Uniti d'America
4Enz9bGPvgSkKRLyLeQL43,Magicenelbeat,Cile
7C69hD7HaCYbhgrVqYiHXU,Natalie López,Unknown
5lwmRuXgjX8xIwlnauTZIP,Romeo Santos,Stati Uniti d'America
7bawudKqKlcw3ZwLpI5FWu,Producto Sin Corte,Unknown
12m4a5ljGoe6yyYPpVi7Hr,E.VAX,Unknown
5U0j7qddH2BMJDF3NOXS96,DJ Ricky,Unknown
5QcHBpoxrY7vx3ulMKEvTS,Chiquis,Unknown
1GKIlPFdcewHtpDVCQ8zmJ,Brray,Stati Uniti d'America
01rgao9OzfBm2BOHWJpi1Y,Espinoza Paz,Messico
0aULg7LximLNhI6lLzxcXI,RØZ,Unknown
0v4ZR80GST5lTyY4b6UEzR,DRED BEY,Unknown
1TtXnWcUs0FCkaZDPGYHdf,Darell,Stati Uniti d'America
0ocHleb3SllGNQQcDH35Xz,Herencia De Grandes,Messico
6goQbtqjPhPns8RVRXTyp7,Mda,Unknown
3IYKcXI1sFqT1ZtfyoW55C,Knak,Unknown
6S2OmqARrzebs0tKUEyXyp,Demi Lovato,Stati Uniti d'America
035LjRuKfMDQ2Xtlb4gqB6,Adal,Unknown
7gR53ad9JjCweCv4f9MWEX,Eddy Lover,Panama
2FzRIRtYVDBIJBvTqh7xzQ,Xiyo,Unknown
4EcIU574ksr6mC1GMEOe0p,Midel,Unknown
5TcnuUD5MHBfd1cO4kweWD,Alex Favela,Messico
2PxnKk0fTNgMzm5pY6tINL,Yaisel LM,Repubblica Dominicana
4y4uRSNiwurNnkWn9I0z7R,Plan de Escape,Unknown
33mpx3IrKw93IM1C8tVSQi,Lisan Beat,Unknown
1XtR9vPQD6cjmHlR5PuHPu,Kevin AMF,Messico
30CTTIqrcr82nS6B40j975,Robot95,Unknown
5LXWGcBr4mojJnf51Beuf6,Saga WhiteBlack,Colombia
6iyPY9ZvEGeB5mswBjwwNi,Alexis,Germania
4kh6gKONPBfkCCd818b1PS,Daniel Vazquez,Unknown
4hH0kU21cZ8vbWNuRhXk7v,Tito Flow,Unknown
1RBzGO6Nm3uyhUSxP7EDWO,Kevin Roldán,Colombia
2dHbjVgpO3NvzY8D7yZvji,Donaty,Unknown
1QbKnLuatJMdjY8dFx7Nru,Nesty la Mente Maestra,Stati Uniti d'America
0ONc371uQqOdKkCwsrcp9Z,Clutchill,Unknown
3CjPghA9sowRwFGSrU038J,Junkie Kid,Unknown
43QAcxJuLK8pBo8yKn2Vgz,Juanillo Diaz,Unknown
3PpJbrAbphauEun8Xf9tD2,Théodora,Svizzera
7pESOE4dEq8Yk4OKlJa3pS,Panter Bélico,Unknown
6VcsqZOR5AtEOGeAtmutCZ,Esau Ortiz,Unknown
2e4nwiX8ZCU09LGLOpeqTH,Laura Pausini,Italia
0tR60pwxQ5WKjPxQcKoCQ7,Messiah,Norvegia
5D7x9esAF6twPxuOqSMkeO,Justin Morales,Messico
1X6cBGnXpEpN7CmflLKmLV,Kiss Daniel,Nigeria
14CVFYbyTHSbffeB0iyoDI,Carlos Torres,Unknown
7KqZWDfO2BUR5ijW9CBWPe,Chalko,Unknown
20qISvAhX20dpIbOOzGK3q,Nas,Stati Uniti d'America
5kCv5opFav2P7nPl8FiEQx,Conep,Unknown
0TC8XvQTSQMh4beW43FsAH,Austin San,Unknown
0wTR1DXxJ3Ok60O4K4U9WT,Mir Nicolas,Unknown
4r63FhuTkUYltbVAg5TQnk,DaBaby,Stati Uniti d'America
2cPqdH7XMvwaBJEVjheH8g,Jay Wheeler,Stati Uniti d'America
16Juw2gfa9IxEL3Vu69cH7,Yaga & Mackie,Porto Rico
4zOhMWD0LoBe2nP7s9cHhX,Joyce Santana,Unknown
0Yg29FX1M4ayqjXs0ttZFq,Young Cister,Cile
1E7XNYAEwSLSAiLDYRMs1G,Albert Hype,Unknown
4UhDECNxyqKv0Cn0sua1MC,CARABIN3,Unknown
0VRj0yCOv2FXJNP47XQnx5,Quavo,Stati Uniti d'America
6ubJLRTVzomuWIScbguoSY,Grupo Diez 4tro,Unknown
1UjxAZqzphB1tsMb1aWBj0,Omega,Repubblica Dominicana
46JHFFEjLKbXhMQsU5vSGm,Nito Mestre,Argentina
11YLRSsZA3YVuQQtHXKTlz,Rafa Pabón,Stati Uniti d'America
7fT2Me47PQ8T7954PKrcwR,Bhavi,Belgio
4e5oZygHeeRoTXc00gYWiu,Danny Towers,Stati Uniti d'America
1FNMaRFSwlbHQnloS3QO1X,Eddy Goyen,Unknown
62U9TXZx2SxvIoxXHtHlzR,Mexicano,Unknown
2281RSmb2cN6knnt0Iarb2,Leo Rizzi,Spagna
0H39MdGGX6dbnnQPt6NQkZ,Saint Jhn,Stati Uniti d'America
3CDoRporvSjdzTrm99a3gi,Ludmilla,Brasile
7cd0OMsXCsilwM1gwmJ5dF,Robbie Meza,Unknown
6eUKZXaKkcviH0Ku9w2n3V,Ed Sheeran,Regno Unito
1FEYq0PPuI50GJRqKKPT6w,Leandro Ríos,Unknown
5DMTLrpmTZO8GLDZ5Je1yT,Speedy,Stati Uniti d'America
4zTS87j9J5bBv0R9AEzeC7,Fend,Unknown
2R7uy52biUCTdDH0OctTPU,Ed Maverick,Unknown
6UhGN5pVzgbBYjpqkxKM5F,lil joujou,Unknown
1yPvnL2XGGehNiOGWzcAAG,Dan Sanchez,Unknown
2SNfNJDsahTSVFwgxposF5,Soge Culebra,Spagna
7cxq5jTv6N3KjPehEhnlXG,Alonso Ortiz,Unknown
4GZOqR1Cx6YeBN2Lmv0B1e,Victor Garcia,Unknown
5SWXhtigdFs6Q9Wqri5ROo,Sintapia,Unknown
6M2wZ9GZgrQXHCFfjv46we,Dua Lipa,Regno Unito
7aG8YUI5alfF2pi0n5Cg5H,Kris Floyd,Unknown
1NejZ771d4oSoEcD6qBAIA,Nueva Era,Unknown
68w2t0wbrGnxSIUHzWs5bt,Lito Kirino,Stati Uniti d'America
43DTA4Ai9jSFpLjOxOKXJW,Chuy Cuadras,Unknown
2oQX8QiMXOyuqbcZEFsZfm,El Alfa,Repubblica Dominicana
6uzHLlGqFKaXYOnZyYmXYg,LOUKI,Unknown
7mVQGK5j4VKkAvdOhUotB1,Fernandezz,Unknown
5wUO3A6DT4tO5UDz21kE2Y,Neutro Shorty,Venezuela
0B4uq7LA4vdVwFPDoOcVtw,Jey One,Unknown
5lFhCi03HDneWzvCxGctrT,Jory Boy,Stati Uniti d'America
5xkFVS6IwwgHEAaRzXc9U3,Tay Keith,Stati Uniti d'America
7qYeIN2r4H1kBvr0Gm9Iav,Randy Ariel Ortiz Acevedo,Stati Uniti d'America
0TnOYISbd1XYRBk9myaseg,Pitbull,Stati Uniti d'America
6pV5zH2LzjOUHaAvENdMMa,Netón Vega,Messico
3ghRXw2nUEH2THaL82hw8R,La K'onga,Unknown
4LyGCVZ22bGCY4BaW04Uyl,Mackie,Unknown
2Uj01M8Uqm5eJ1ieHyvlaO,Compa Steve,Unknown
3pTZ5sCcE1o2O9sWn5yQMg,Hydro,Unknown
5sZKwZcGSzyVnO1P62PdCq,Genio,Unknown
2qWK8K2Jfh67UqtwY8tCW6,YSY A,Argentina
1r4hJ1h58CWwUQe3MxPuau,Maluma,Colombia
2DspEsT7UXGKd2VaaedgG4,Alex Rose,Stati Uniti d'America
0IEzMvarfVycBJAXjjEZOL,La Pantera,Unknown
7ueBUDPDsj1mw0TEA3b9nY,Blacky Drippy,Unknown
6ndLrsgT3MV5CNxIrW71fw,DFZM,Unknown
4F4pp8NUW08JuXwnoxglpN,Bad Gyal,Spagna
2O8vbr4RYPpk6MRA4fio7u,Saiko,Spagna
2OHDHtDUjiP1K0rUXDC3vm,Andre TG,Unknown
0ZCO8oVkMj897cKgFH7fRW,Los Ángeles Azules,Messico
2UMj7NCbuqy1yUZmiSYGjJ,MC Kevin o Chris,Unknown
4myAXQmMuS1lZe8T6Y7eBg,Yomo,Stati Uniti d'America
3441uYrkzgTWwjXLd13R0U,Enigma Norteño,Unknown
5RVuxgqu3esPo4LIrf4HUs,Jay Menez,Unknown
44mEtidu0VdRkIqO4IbkNa,Marca MP,Stati Uniti d'America
6UCQYrcJ6wab6gnQ89OJFh,Headie One,Regno Unito
0GOx72r5AAEKRGQFn3xqXK,Gims,Repubblica Democratica del Congo
1eTInlBizrAteaACHeE85y,dayvan,Unknown
4RXxwBtdt6k1YNyyAyiOng,Pipe Bueno,Colombia
0PrhwIWbqYFYyY2ZrkIWgI,Adriel Favela,Stati Uniti d'America
0JdvRpul2MbuhX7k0FUkko,Nando Boom,Panama
5dbaLmK5SHLLg8Z4CcTJpX,Greeicy Rendón,Colombia
2NZD6Gqfk60GEcAAnJKVsR,Stars Music Chile,Unknown
57nPqD7z62gDdq37US9XJR,Arcane,Unknown
77T5XlEwCRjlmRIioW5OXB,Clúster,Unknown
0zO8yNnw5GQgutcIyXfGBY,Elena Rose,Stati Uniti d'America
46SHBwWsqBkxI7EeeBEQG7,Kodak Black,Stati Uniti d'America
6UbmqUEgjLA6jAcXwbM1Z9,Bibi,Corea del Sud
0tmwSHipWxN12fsoLcFU3B,Manuel Turizo,Colombia
4V8Sr092TqfHkfAA5fXXqG,Luis Fonsi,Stati Uniti d'America
3YXGxdYldEXVVlCdCkFD5G,Ivonne Galaz,Unknown
2cmqbSrv0RSUeYRuWkqSiQ,Officialalex425,Unknown
6K33IlAAM2crUmPtnc4j6H,Young Flow,Unknown
6LGGOg5XbaaB5cBo7HR61a,GeezyDee,Unknown
0f6U482Lbo91QNqNFH4Tat,Nesi,Stati Uniti d'America
768O5GliF0bqscyghggrbE,Polimá Westcoast,Cile
6NyPX5jymkvSPaJhCh1crb,Yeruza,Stati Uniti d'America
5n9bMYfz9qss2VOW89EVs2,Bomba Estéreo,Colombia
4D2d63igYEdzhzFnxrSow7,Frijo,Argentina
40xbWSB4JPdOkRyuTDy1oP,Nicole Scherzinger,Stati Uniti d'America
1otleRGxIU5q64yzCNUHsi,Michie One,Unknown
3ou3XMRNmyDSy6gnC1bSgN,TAICHU,Unknown
21451j1KhjAiaYKflxBjr1,Zion & Lennox,Porto Rico
5vakO9fG4OZarrMqZlXbcl,D-Sides,Unknown
2FU49QY6B4RA6orPrbC8P5,DOMELIPA,Unknown
11usEAQkFE6UJwsyAKkchi,Caleb Calloway,Unknown
5kgDdP7a4TsvkF08gpJGX0,Juseph,Unknown
2Yia9CwtgcrsN5kVOQ0qRA,ZECCA,Unknown
7hNfq19HIL0PRumBReFlsp,La Cuatiza,Unknown
1QfSkHNY8c7Kip57pllxri,akiraplayboi,Unknown
5DyLJzaY28nfyYFYu5a7Py,Ganggy,Unknown
6GRwwWAtmusrgAL5JF9Dfr,Callejero Fino,Argentina
16ZQZS3ZH1cXixotWa5LwC,Eklectico,Unknown
0AdjzZxHJ4MfbImx2rD0Df,Pj Sin Suela,Unknown
5FQ8tBUtIamA2hRtatrYUF,Marc Seguí,Spagna
27xhmkOjmSZ12tuRkccOgb,franwav,Unknown
3OcvS8PzSGYMBvLdzY6g3e,Silvestre Dangond,Colombia
3qcl8ck0RTpenPbFmZa2p5,Genio La Musa,Unknown
7ciBW1p3KBsYIkFk4UmwS8,The Rudeboyz,Unknown
3ONGmday8YN8AkbsRk01iL,Lojay,Unknown
5palUoEWfHqmYH8TPwxF6J,El Coyote,Messico
0rjms710nwQTdrQheXHJfz,Standly,Cile
4twMBjUEs3uYOoY4ywzJAZ,Rodrigo Films,Unknown
0NlNru2YcUz6RbnpYGQz26,Clave Especial,Unknown
3fZk3Gm5dN5v5yfYMQ04Bx,Dímelo Flow,Panama
3abT87tqQ4Q5PA5nw6CYyH,Ángela Aguilar Álvarez,Messico
0dqT9B1Xej71qvAo8uE4Uh,Sahir,Unknown
78rkeQAvjl85yNyLAqEMVe,Mañas Ru-Fino,Unknown
2D8UzkIVdg1bj0Iqz6gjk0,Abhir Hathi,Spagna
0GZ65zwBwkkwGNJ3zagtTZ,MILLENNIUM PARADE,Giappone
2jku7tDXc6XoB6MO2hFuqg,Tory Lanez,Canada
7rOlQwf8OuFLFQp4aydjBt,Paloma Mami,Stati Uniti d'America
3wcj11K77LjEY1PkEazffa,Q17305712,Nigeria
7B1LLuCQk13H4Mb6CFBftU,The Martinez Brothers,Unknown
1fIJZfSmqQkuqfKNRmrS1V,El Jordan 23,Cile
4yxLYO2imECxGYTTV7RQKb,Pailita,Cile
0hCNtLu0JehylgoiP8L4Gh,Nicki Minaj,Trinidad e Tobago
1zNqDE7qDGCsyzJwohVaoX,Anne-Marie,Regno Unito
4TnGh5PKbSjpYqpIdlW5nz,Monsta X,Corea del Sud
5c8ZR64evQ00Spl73s76fo,Chuyin,Unknown
4cK5uxWRVJ3QOSfaBMX2Ex,Cupido,Unknown
4s6Xg38sbqh4xpf4OqhVUK,iZaak,Stati Uniti d'America
7eLcDZDYHXZCebtQmVFL25,Aitana,Spagna
1rfmPp9vA3xKSx6IIQ9Ee8,Alejo,Stati Uniti d'America
18fENKDD5BDuHtXLu41hd0,Xanctum,Unknown
6P6GTRTigHBp8ZesNtpCKH,Almighty,Unknown
3YXpTiyVmYCfANOlnWv6vr,Trebol Clan,Unknown
3GPTvhZ8XfH7WkHXidvELk,Chris Lebron,Repubblica Dominicana
1mX1TWKpNxDSAH16LgDfiR,Jesse & Joy,Messico
4dhKkIzf9LXogFL1NXfQc1,Kapla y Miky,Unknown
5l6N2hoIaP7snXdjnCULvk,Luis Alfonso Partida El Yaki,Unknown
0F0qHLgO0rPrxKUjv19N7z,DJ Urba,Unknown
0OpXeanba0vYnyoft00BP6,Polo Gonzalez,Unknown
4Ga1P7PMIsmqEZqhYZQgDo,Lil Tecca,Stati Uniti d'America
2kF83E9c7WmW5XdqwUrJd2,Chocoleyrol,Unknown
4lHAjTCvXGu8QIM3cEe93m,Maka,Spagna
1SiLK8gdECx2iEm2SSj0Bl,Ak4:20,Unknown
2XcZshqzPKm3iZcmt73R8D,Pablo Chill-E,Cile
39sUQ6z3CTsNB4BhBecLOg,Ruben Figueroa,Unknown
2dIgFjalVxs4ThymZ67YCE,Stray Kids,Corea del Sud
1GAymyGBvB4gQy5Z5LZ1Wj,Lalo Ebratt,Colombia
2tKY3KnuyCoj1aZOBXKP2D,fox1,Unknown
60XHOAhvEBiV6BGBOv8ClM,La Joaqui,Argentina
6H8yLg2ml8H94LRjriezMR,Moy Bobadilla,Unknown
5eCshP4zg9fMuQvc1LygXI,Sindicato Del Ritmo,Unknown
4SQdUpG4f7UbkJG3cJ2Iyj,Arca,Venezuela
4QrBoWLm2WNlPdbFhmlaUZ,KEVVO,Unknown
47MpMsUfWtgyIIBEFOr4FE,Lunay,Stati Uniti d'America
7g7N6cRr5izWiIWvffgwWO,Stiffy,Unknown
1Q6SZxTvaE3HhslV0iXbI6,Herencia de Patrones,Stati Uniti d'America
3rqKgkODmiyDdimpz5D3y1,Yannc,Unknown
0NHX4tbvyRotP1QBhjTHX3,Efecto Elegante,Unknown
2yGXs7AlyNVetlMvwsFXGk,Muerejoven,Unknown
3Okcq0dqLVlEFHRZ5t22bA,Voltio,Stati Uniti d'America
6sq1yF0OZEWA4xoXVKW1L9,Alejandro Fernández,Messico
0GgyFUpOyzWDRDqx8FCTDN,Baby Rasta,Stati Uniti d'America
6ieK9Ddas29reReO60on3o,Gotay,Stati Uniti d'America
0u4eSD22YhmWJMg1A22GBw,Alejo Park,Unknown
32IoF74fLhRaNSuABa3HO7,Joel Nuñez,Unknown
07YUOmWljBTXwIseAUd9TW,Sebastián Yatra,Colombia
3Nk2mAv4k4ZOzrP5tpXL2G,CLUB HATS,Argentina
1iXdpCz3AeLEAvzqeNodt8,Victor Cibrian,Unknown
12trz2INGglrKMzLmg0y2C,Emotional Oranges,Unknown
34OTRVwyaE8DkOrGMQa7Ah,LATENIGHTJIGGY,Unknown
6TKygPpVT29oGUogu4J9Ec,Yan Block,Stati Uniti d'America
00CEIWvwRzWGVahslNZW0Z,Hernan Sepulveda,Unknown
1Ts9of7VPZElwPQnqnDSfW,Lyanno,Stati Uniti d'America
4NEQrC4AlByMUOmOp9H5hZ,Julián Mercado,Unknown
04mzq9GH08zOBRdV2gzmXm,El Padrinito Toys,Messico
5QzDzXfXC5lepOBeQXBiVO,Marciano Cantero,Argentina
27vNK840zYq6IfDijHPsv1,Gilberto Santa Rosa,Stati Uniti d'America
7j6DKwmjbxvpQO8h914uEz,Ryan Castro,Colombia
6mkRgafSHF30Dr2wEch4YU,ONIRIA,Unknown
5l4GdLELvdnXZVT5g947i3,Louta (cantante),Argentina
06Q5VlSAku57lFzyME3HrM,Ke Personajes,Unknown
4aWhlVjiUjYHpVWBPP8AFc,Grupo Codiciado,Unknown
3TVXtAsR1Inumwj472S9r4,Drake,Canada
44cW3xznP61BXbu0e7fgxn,Slayter,Stati Uniti d'America
4v1zVCcc5f9c7bdODjaqwe,May-Be,Unknown
352qR89UvJCYHGnCSUwMqw,Pabblo,Unknown
2uSJ9ywE44eIRoTMatARAy,Hector Rubio,Unknown
5he5w2lnU9x7JFhnwcekXX,Skrillex,Stati Uniti d'America
2x7PC78TmgqpEIjaGAZ0Oz,Trueno,Argentina
063Vp9es6lLAbFUDtIAkFD,Abraham Vazquez,Unknown
5sUrlPAHlS9NEirDB8SEbF,Alejandro Sanz,Spagna
5cj0lLjcoR7YOSnhnX0Po5,Doja Cat,Stati Uniti d'America
2MNRfUsu9bA4gzehlJc8hl,JC Karo,Unknown
6xlRSRMLgZbsSNd0BMobwy,DENNIS,Unknown
5gCRApTajqwbnHHPbr2Fpi,Juicy J,Stati Uniti d'America
6k8mwkKJKKjBILo7ypBspl,Ana Mena,Merinidi
4TdMGChhzBYNXhADaEGUZX,Armenta,Unknown
2iPrKTKzQOV6F6PZOS8lMI,Mex Urtizberea,Unknown
7jAs1uPnpfNmT6e5qtEPxq,ATL Jacob,Unknown
5rnUlLid4WEcDmAz6McM33,Mechi Pieretti,Unknown
22P1OY4TRFRwhP0q29loQ8,Lali Espósito,Argentina
78F6Xkd46aMHkr4AP60TXY,Clarent,Unknown
1LViN9Xsu9YIMN6IZJk8Bp,El High,Unknown
738wLrAtLtCtFOLvQBXOXp,Major Lazer,Stati Uniti d'America
0OmIOUU8SceGFVrqrEm70j,Giovanny Ayala,Colombia
6MUhWuKMY0Wo0S12d7FAgh,Gael Valenzuela,Unknown
6xLvSuN3p2uD8IorXxYmHg,ELYSANIJ,Unknown
3Gf3gwkmZyNuecCyJyVD9j,Bigla The Kid,Unknown
1Cs0zKBU1kc0i8ypK3B9ai,David Guetta,Francia
0YRwUbRxrawmnBdixwJi5W,Regulo Caro,Messico
1Ixof0imwzqpuV21Ug9pKn,Choclock,Spagna
38epWdyauFwdRkldqUMfWE,Chucky73,Unknown
03Enzet8KLMkjdeQnbqbmn,Pacho el Antifeka,Stati Uniti d'America
5lCxUN0t4niIy30texHRxo,Full Harmony,Unknown
6oMRQ5H3A2XA5I3RG3leni,Alan Gomez,Unknown
3PkVrt8lRBTV2RDSICxz5X,Divino,Stati Uniti d'America
2YRyPiW98bpkARAS4B3OQP,Dei V,Stati Uniti d'America
7x7vfF89MqM94K8wvK3Omq,La Duraca,Stati Uniti d'America
4nD4jJ7anYuvuMtM8Wrspz,Lautaro Lopez,Unknown
0Y34e6XlsBGOdjEyKZzTMB,SowlBeatz,Unknown
16yTBMwXmeW9MQgfcHZgA7,Baby Johnny,Unknown
5MraexJKZDrQYzS98kNwie,Sevdaliza,Iran
66ArjpKRgw8vYBf9yhktto,Nach,Spagna
50sIhX3HytFEwQXZJLUZQE,Alejo,Stati Uniti d'America
7y5vacxuCM2lyUEEPnQcwd,RobGz,Unknown
5szJHKg5xeUlQ9pTqzdpic,Taiu,Unknown
6wH6iStAh4KIaWfuhf0NYM,Manu Chao,Francia
1P6GRLw4BTIfQzKA18t2wj,Lionize,Unknown
2mFWbxWrBZ0dTkG5b6NGnZ,Montana the Producer,Unknown
2t7vyRN71qtQT18frElAnV,Maikel Delacalle,Spagna
0rzgd5jwjTPDQfWcKp50AE,El Arma Secreta,Unknown
6OP8Y0UsezppFkU1hZU6EJ,El Chachito,Unknown
3GoPGMx3Q2xUwmzM3RYGUq,Armenta,Unknown
6H70hylNqfc86Omz8GoyDB,Tobi,Nigeria
0Bxo11d6nt1FpPWCo4PGcw,Mister Chivo,Unknown
3ipn9JLAPI5GUEo4y4jcoi,Ludacris,Stati Uniti d'America
09pT3LYxLNhME3Rp9D6Vob,Trillfox,Unknown
1QgrwYywvDuC43MDtR8cqq,Leonardo Aguilar,Messico
0sJpqQouXqn3gKQrsN1JET,El Baby R,Unknown
0vR2qb8m9WHeZ5ByCbimq2,Reik,Messico
6wF1Cz760dpdbX9RJIDpQW,Chuwi,Porto Rico
4bw2Am3p9ji3mYsXNXtQcd,Piso 21,Colombia
6ASri4ePR7RlsvIQgWPJpS,Iann Dior,Stati Uniti d'America
6Lad89OaqnRo5nf7FyVipt,Garena Free Fire,Unknown
34nbQa7Hug9DYkRJpfKNFv,T3R Elemento,Stati Uniti d'America
233EuLolQJNuWaoQf617jD,Ery,Unknown
0Po5jQg8puEmTBiVsfY38p,Izzay,Unknown
2IMZYfNi21MGqxopj9fWx8,Rels B,Spagna
64aJYyrXljOodnUG6jvhRD,DJ Luian,Stati Uniti d'America
0odliLZMTk45CEVzF3Zocl,Mozart La Para,Repubblica Dominicana
5KpmLKI7ktzNzQL13J95Pf,Cerounno,Unknown
5Rj6rNR8zIlUUDCs1OyPmW,MYA,Argentina
7nNS9kiCWRqHGBcWxLB0Pk,J Castle,Unknown
3PMboJy3bSw6eV1Qv0FhSz,INDICA MIKI,Unknown
6wcKDqJRY3TzbcdRKo6EiE,Jone Quest,Unknown
2b01rwtcqW5LyfVBMzIFQ4,Kate Linn,Romania
5dmU7FrmtbQaSzIvGsE4Jp,Pancho Barraza,Messico
3tJnB0s6c3oXPq1SCCavnd,Marco Antonio Solís,Messico
7CvTknweLr9feJtRGrpDBy,FloyyMenor,Cile
0niAkxgT6y57bRbT0Ge94z,LiL CaKe,Argentina
62zWXNKBdOWd9TIdkZ7BQN,Polaco,Unknown
4kejafUkN53v2HsYzMhgaJ,Jenay,Stati Uniti d'America
535ap2f16rTOKTMPTkvbGB,Los Buitres De Culiacan Sinaloa,Unknown
1pf0MPKfKdvS8J779mS1Ay,Miky Woodz,Stati Uniti d'America
0SSbTivuMrvdqgCt7ln6jD,ICON,Unknown
4Tw0VaV1ENei24iQnktjXj,Alexio,Unknown
7LNIbiKKGIMlw7GjgJlR0w,Blagh,Unknown
21dooacK2WGBB5amYvKyfM,Smokepurpp,Stati Uniti d'America
5wx70QuZtxRUIIYek3RSaV,Carolina Ross,Unknown
09T10LRB7GvEn4bUNTWGVv,Alexis y Zion,Unknown
6Itjwvv5YmsC8ZcI5N4Jux,Sael,Unknown
3WG2Qwav9SV56V57SFe92i,Ivan Orozco,Unknown
3yDIp0kaq9EFKe07X1X2rz,Nile Rodgers,Stati Uniti d'America
3VHAySZQPlfGlNLslzXYpN,Nathy Peluso,Argentina
6B1hSmaLdOvChinK2Z7gfi,Maisak,Unknown
23wEWD21D4TPYiJugoXmYb,Thalía,Messico
01m2XZ7m7rAz6KY3scTdaV,Neo Pistea,Argentina
4rUyBlggM5tZUH5QZn9ZuO,Silvio Rodríguez,Cuba
184mGxeseZkY2w05Nr4Tui,kryptogram,Unknown
7gK06FGYa8dtJogKJXAG80,Jota Rosa,Unknown
11AFqsz5YS7kc3h3jPoCJi,Rsiete,Unknown
51ZSh80McCt7vbqHouzW0A,Yahritza y su Esencia,Stati Uniti d'America
0KPX4Ucy9dk82uj4GpKesn,Dalex,Stati Uniti d'America
1XrNDYzPQVM08PdMRn1mvP,Raúl Beltran,Unknown
39yVoqm6sYFvvqF1RciUVf,Carlos Rivera,Messico
3aly4xJOy3LVznzvRIvFYC,F1 The Album,Unknown
6subdr1to7SgyVLIL4stPX,Tony Tone,Unknown
23herDudxPBB3S81GB5uG3,Alizzz,Spagna
5WLKVJGJWUubfyG8KSfuvK,Otro,Unknown
0MInKJqZscEeNc5K3K0mkE,Simone & Simaria,Brasile
39FKVjqhZLz4E1iG77d5AO,Dowba Montana,Unknown
1XWQvHMnUr3CZQf88Pe4De,Notty,Unknown
0hk4xVujcyOr6USD95wcWb,Sick Luke,Regno Unito
76S9tWvZEynS5QanzUkkjw,risko,Unknown
3p3jPcp8b7WL9XYj4xlsWj,Snow Tha Product,Stati Uniti d'America
0rUu2qzqezBrCddX1RuUyJ,Omar Camacho,Unknown
3r17AfJCCUqC9Lf0OAc73G,Fergie,Stati Uniti d'America
1aLC6PgrX4A5tfrpQozpQw,Carlos Sarabia,Messico
1gW6pz5n1aK249L0GvfQCC,Grupo Marca Registrada,Unknown
65VS702SIPGgTpWgTQupMA,Negro Dub,Argentina
135NPMwCC5HMWfbLl3BjyX,Marca MP,Messico
5P6cHh4NtlZIaRKDHji2fY,Los Ballers,Unknown
3i5FaQPzJAMqMp59aPBZbu,Kevinsito,Unknown
3ZpEKRjHaHANcpk10u6Ntq,Ayra Starr,Benin
7HYJrA3HSTNDmkl5pylhaY,Gino Mella,Unknown
3OFZZxPrO2uYjDVglqTwEr,Los Nuevos Rebeldes,Unknown
5YqI7p8zYsOpKJtjxYdOce,Victor Mendivil,Messico
3EqXv17h2lLZFuAlaTHZad,Nyno,Unknown
0U0zpa0tZ4iAV6ypdDUm4I,YUNG PRADO,Unknown
6vXTefBL93Dj5IqAWq6OTv,French Montana,Marocco
2kMVBdVpeeZOVpeirhykCc,DommoBeats,Unknown
5NUPPRjsbXHNyVDrUESYeh,Grupo Arriesgado,Messico
5ZGrM7y0Z6yF3s9dBjHWi9,Grupo Clasificado,Messico
66RfYVdftqnuHRicyClgL0,Dharius,Messico
6a1QKCXK81Z2vETbH1tQgs,Alan Aramburo,Unknown
16zBWpyiDMtWDpGIueLZbC,Shigant-G,Unknown
5pIkWAzyI2E3ga03gFxtZl,Joaqo,Argentina
0dAcy3ayJIW98jdHTacqac,Los Nuevos Ilegales,Unknown
4SN6H0xzsZfocwu58sBy0d,Meluchis,Unknown
3dhMDOAn4QhiSEerNabrnG,Eddy,Francia
7ggR2eZDxd9vAabd1wux61,Grupo Efectivo,Unknown
4RWJOoYwgF978LOn8Fainp,Yamila Bercovitch,Argentina
228pVneav5qwbCGQrrqQo4,Macario Martínez,Messico
2pmWsiYQukESpS71qzhreG,Paul Married,Unknown
5I8OAPN5jY1wvHwpnsRRsA,Kybba,Unknown
4kJ2OBSNasUA4yOT5NCfCl,Luis Ángel Franco,Messico
6veh5zbFpm31XsPdjBgPER,Bia,Stati Uniti d'America
5IYRfypwG9BDDh5ZRPI80z,Totoy El Frio,Unknown
3g1nUbVtiYjO2XNs5DGpLB,Nueva Era,Unknown
4DAhpWFfOQv2UBSAzjhzLV,Rene,Unknown
2A3uvEbM1K4QWaviVVH5LQ,Maykol theyver,Unknown
1fctva4kpRbg2k3v7kwRuS,Rvssian,Giamaica
2JAxtl8czMHyssC2W7b8jy,Lismar,Unknown
7uaIm6Pw7xplS8Dy06V6pT,Trevor Daniel,Stati Uniti d'America
08KPwXKOzDrD25Otsx9IEP,Estrada,Unknown
3bIRdpxrijl9x8jyDpT9pr,Juanito Lugo,Unknown
137W8MRPWKqSmrBGDBFSop,Wiz Khalifa,Stati Uniti d'America
4bforrvhv0YFDP83UQBbU8,Rafael Amaya,Unknown
7bNmosifuMqLwui79Cjqcd,Pancho Uresti,Messico
1lIfaU3IJ3LdcQU35iXHo1,Alex Rivera,Unknown
0d7jzRhjOifL8X9hxNvbEn,El Micha,Cuba
4Rh80sXmcG4xDP1r6dTNiQ,Estevan Plazola,Unknown
08yYd8o1CrOjIpGHP2I6zU,Huan62,Unknown
4TDr2te1ZvxbEchksH77Dp,Akim 88,Unknown
3EA9hVIzKfFiQI0Kikz2wo,Andrea Bocelli,Italia
20gsENnposVs2I4rQ5kvrf,Sam Feldt,Regno dei Paesi Bassi
4YYxffPVDFe9XoqqbRW6Bq,L-Gante,Argentina
1pQWsZQehhS4wavwh7Fnxd,Lenny Tavárez,Stati Uniti d'America
7tU1VKOuxiNZwBZC6RHidA,Alexis y Fido,Porto Rico
1CTYCiBGcZTsZBzYoa4pxM,Tapy Quintero,Unknown
3yJ7q2MEpB9SLK9Xy1EJ2F,Memo Garza,Unknown
55kBvzKEORCymfAWcBzGSb,Flagrant Drvms,Unknown
3LKXWvXFWrkwUzJWxzwVpW,Tony Dize,Stati Uniti d'America
0yjlGMMFuIci8JCTAOb2AU,K4,Unknown
0zgbk1EdcU6tt6QUOnCC5o,Lito MC Cassidy,Stati Uniti d'America
4bWHA8fMNjzfGPQqnh5D6y,Recycled J,Spagna
6jOQofEFDXLbMGlzn3xSua,Jodosky,Unknown
2vnaEm73LHWfchNiQccNBa,El Bai,Cile
7wU2WGCJ8HxkekHHE2QLul,Fuego,Stati Uniti d'America
3jGlU8UMMo44I2xeLQ6FD3,Dálmata,Stati Uniti d'America
3TKS1JzWOLAnicuOCOyVlW,Nobeat,Unknown
0QHgL1lAIqAw0HtD7YldmP,DJ Khaled,Stati Uniti d'America
5Uox3n7m4W2CoM9MmHPJwQ,Delaossa,Spagna
0UTzLuwz9RvFOCnwAZjUxn,Bratty,Unknown
1zdSbv2pR3OIFKselYbJsC,Tunvao,Unknown
4Y1YeIY4yWN4U5Qwi68Soq,Toni Anzis,Unknown
4riOEaOW5hCeqomFDBk0aP,Rochy RD,Repubblica Dominicana
4wvFGToZWnDckTqRIjM6eN,Choforo,Unknown
0mJUOiqGhTu1QaoKP5m6W1,El Kombo Colobia,Unknown
0eHWAfgyxZWAKR6NZ8nsd9,Voltio,Stati Uniti d'America
584rPFIWjBYT83tUZocaIw,Franco,Cuba
0CUbRHUcHesT778ioJt9oM,Nivel C,Unknown
4d9zZPgaTNFoxlRIT7qQvO,Kelo Ke,Unknown
2kqUKsTuEj1lPbm6BSn1AU,Rich Music LTD,Unknown
1lgtR3WlcFxEy6yPoOh0J2,Hozwal,Stati Uniti d'America
5ZLgfdfQcdb7wsw67Xes0L,Kull Kid,Unknown
6RMWFexOHVj5ctezneQH5v,Andy Montañez,Stati Uniti d'America
37230BxxYs9ksS7OkZw3IU,Chencho Corleone,Stati Uniti d'America
2hejA1Dkf8v8R0koF44FvW,Gera MX,Messico
6bxjoq64Y0HTfMc4GIbpyJ,vf7,Unknown
2Gq6eE8pcDP1r3YIyx45sG,Gotay y Jory,Unknown
65UC5VKwU4vBSBSHckQd5l,Yay,Unknown
45I00eLuNXvN6WONxQ4T1j,Banda la 10 de Ivan Romero,Unknown
6pNgnvzBa6Bthsv8SrZJYl,Hatsune Miku,Unknown
2MXDat5eYxVcnHht0N2uSF,Club16,Unknown
4QIM495B5wWD9B24Fsi4aR,Ambik,Unknown
4Vvu7tVzLF5tA19BpNTgm1,El Rubio Acordeón,Unknown
4QsjdD4tkCOSUqRSDoazaM,Jakka,Unknown
6r92NGrlnmNvFJA9Kl0PAx,Juanpa Salazar,Unknown
3hfWiirwdO1ijoZQwj7uzZ,Lil Naay,Unknown
6wMr4zKPrrR0UVz08WtUWc,Black Coffee,Sudafrica
5JpxOTduIHuTcuosdLBC14,Miranda León,Unknown
4qXC0i02bSFstECuXP2ZpL,Blxst,Stati Uniti d'America
27abSaAjyUkVoBhZSmF38a,Tommy Viera,Unknown
0bsQ8jCTdRt3F8R5nNU3hw,Fetti031,Unknown
4qIwt9aom7JcYwiwWWI05i,ambeats,Unknown
6AMa1VFQ7qCi61tCRtVWXe,Jim Jones,Stati Uniti d'America
1WLEfsQjvgtFSGkrHonzFX,Amaia Romero,Spagna
7tETQjUDr6hqeJVd0WyuhH,El General Gadiel,Unknown
0VZrPa7mWAYXH4CwmYk8Km,Kidd Keo,Spagna
0lsEtpjLWn4S7KBra82VG3,Aldo Ranks,Panama
4stSxe6AbpXw3x7nRDsYVX,Remmy Valenzuela,Messico
28oQ6vi1R2m9mdSBnsAkUQ,Munic HB,Unknown
64M6ah0SkkRsnPGtGiRAbb,Bebe Rexha,Stati Uniti d'America
6ELdpbcBJ9mc2anhAavcHv,JXHN P,Unknown
6VD4UEUPvtsemqD3mmTqCR,Deorro,Stati Uniti d'America
2HvyR5FsU37QMqVzIbGwl7,Mercedes Sosa,Argentina
18qC8mrcJ9ZjChRDPvpadi,Aleesha,Spagna
5LHRHt1k9lMyONurDHEdrp,Tyga,Stati Uniti d'America
4bbAeMRdMbfCLVSlpryAVV,evilgiane,Unknown
6lay1nwbE6hTx1jivysUAL,Princess Nokia,Stati Uniti d'America
6GlX3FdCQrMftGfVaWcmPZ,NTG,Unknown
08ZqXO40nMrhBoGma4kls2,Q133879367,Stati Uniti d'America
0jdNdfi4vAuVi7a6cPDFBM,Lazza,Italia
69UypehHabb68utzfjAVlV,Kany García,Stati Uniti d'America
7y6eZQZwyUvR4PlZOVSR7I,Jonathan Caro,Unknown
5TP8Ubo4jLKEi4Mw2O8fAk,BM,Stati Uniti d'America
2BJWqrBKEqtZUKWtzmpPDj,Tobal Mj,Unknown
6NmMI7UnfmIpLRYoz8H9jm,Ankhal,Stati Uniti d'America
5WUlDfRSoLAfcVSX1WnrxN,Sia,Australia
7DXregrznS25AM30UY9sUU,King Savagge,Unknown
5eIRbSES1yeGSBuqZ4xvuD,Pekeño 77,Unknown
3lIsPQW0jN6sMpiWuiShF0,Dano,Argentina
1wZtkThiXbVNtj6hee6dz9,Wisin & Yandel,Porto Rico
3Isy6kedDrgPYoTS1dazA9,Sean Paul,Giamaica
17vZy9fIIt6woqdWfc7UCy,Sinfonico,Unknown
1U1el3k54VvEUzo3ybLPlM,Kali Uchis,Stati Uniti d'America
29fkrV8IuMETQBv8PgC6Lw,Mattei,Unknown
1pEqLDmVTqmfwfywlwL7wL,Jotaerre,Unknown
7z3W8OunO3RH0quodR8Zsu,Saso,Unknown
3Y4UmopFbGuRYdtGEa5jDZ,Tomas Ballardo,Unknown
0z4gvV4rjIZ9wHck67ucSV,Akon,Stati Uniti d'America
7gPZtpMaLi5zBkroBdl6Su,Nelly Nelz,Unknown
1uy3w1dRiwRTYHiOOzZ5EE,Elian Bless,Unknown
4j1Usj1sKyLB9CDpSZSZ2C,Tyan G,Unknown
0ThxHJx0ElqLD8h2Compyq,We$t Dubai,Spagna
2TjgzYcbTdsZjbT9OItIeB,Héctor el Father,Stati Uniti d'America
6V36JyoMUbA6lNLNMjA3Bz,Luno,Unknown
7JpldR9fo9qOlg4HYOnRg5,Noan El Abusador,Unknown
4SRF0I10ZzUX6hFmV1RCXR,Neneto,Unknown
4DYFVNKZ1uixa6SQTvzQwJ,Ken-Y,Stati Uniti d'America
6RGri3BX7P64gUBuf6uU7p,AFTER,Unknown
0BKYcWhq6W4TYSLSJk1ZDJ,Go Get Music,Unknown
3ZJxEmjYZd5VOqZ8o3aXiL,ABRA,Stati Uniti d'America
2Jb9jVnCpWkXtoGznFJ6bF,Ecko,Argentina
1Zkxm1dM3HI3QkTmxUEVQA,Los Gemelos De Sinaloa,Messico
6Nl4VXcX86fBMO4YE6oYfN,Asan,Unknown
0Z9FeIBNH2WlwhVUOBlfPZ,Compa Steve,Unknown
3NpG6SsHaQETkdQVZH6V1E,Kiko el Crazy,Repubblica Dominicana
4wLXwxDeWQ8mtUIRPxGiD6,Marc Anthony,Stati Uniti d'America
7vWC03wqXwUqjPON8hc1tz,TELYKAST,Unknown
0haZhu4fFKt0Ag94kZDiz2,Sofía Reyes,Messico
4A4qYy2jK9DDN1OHV0nLkH,Código FN,Messico
5OBK3iQwjNQqElPmn4TgAE,Natan & Shander,Unknown
1yX62RHdYysNcIrO33WQxJ,Dani Flow,Messico
4C3ZmIqca9MWwThLaYbfXu,The Academy: Segunda Misión,Unknown
3hcs9uc56yIGFCSy9leWe7,Lil Durk,Stati Uniti d'America
1sV3HHU1TBH5owKu0WLHf7,XROSS,Unknown
541XEEr9pKMGGUzI3ld5a2,Wido,Unknown
4VPLEp6rYxqpf6n0QEkS5z,El Rabbanito,Unknown
1zQGq31aajlt5qvmHyrwQn,Luis Carrillo,Unknown
1l7ZsJRRS8wlW3WfJfPfNS,Christina Aguilera,Stati Uniti d'America
3iOiMcmKYGm8kOxlBjTo0w,Luisa,Unknown
47mIJdHORyRerp4os813jD,League of Legends,Unknown
11Phvl6lzQFQJ2OcSXloHv,Carzé,Unknown
5KwtioA5ns9gfpFaHpxqlq,Brandon Reyes y Elvin,Unknown
1SCoi5U37R1KbEQHuKKgam,Lua de Santana,Unknown
23L3bzvIziNKZw42P3lwsH,Alfredo Montaño,Unknown
6gyhsZUy2fzzWZBRVPmOw4,Soto Asa,Unknown
7FOQfJbC3e4GNoheojERnF,SleazyWorld Go,Stati Uniti d'America
5EUy0phiO3drXdffqCJO9j,Rodel G,Unknown
4ncaw2cfA3Wlly1tBD2eWt,Yailín la Más Viral,Repubblica Dominicana
7t6PzXRwTR6eb4lNHxyhIC,Benji Blue Bills,Unknown
6Vlv2tBpKw6ib5C7DHkOfq,Angel Tumbado,Unknown
1UdLtKAD4FbM7r2XCfAWAs,William,Finlandia
5rlwbF5flU2JCmAzV5Obu0,Vakeró,Repubblica Dominicana
0AY6tq934rmw7zSFRl6e6S,Nueva H,Unknown
3E6xrwgnVfYCrCs0ePERDz,Wisin,Stati Uniti d'America
7FsRH5bw8iWpSbMX1G7xf1,Joan Sebastian,Messico
5bWUlnPx9OYKsLiUJrhCA1,Jon Z,Stati Uniti d'America
1aw0Cdl1DIrtUrUA6fGbAR,Dread Mar-I,Argentina
6YVMFz59CuY7ngCxTxjpxE,Aespa,Corea del Sud
4WnAHZz1pgl8hus8hidIRV,MHD,Francia
1OFOShsIbhy1l5x73yuVyB,Shenseea,Giamaica
6tCJN1fQNdFCEaOa8Da9Wf,Jaded,Regno Unito
3lY9Fxceu60W1rbon7PkuF,Omar Montes,Spagna
0FvHxb8a4I0A2i8jKCsFei,Oscar Ortiz,Unknown
6f6NTISF0XjjlUxEmdXizO,Sheeno,Unknown
0A0FS04o6zMoto8OKPsDwY,YG,Stati Uniti d'America
5TYxZTjIPqKM8K8NuP9woO,C. Tangana,Spagna
7E8yETzDbHYASNxtFQysf7,Dynasty,Unknown
1jSjfSgDjedJdi5MoyRu78,Raymond Guevara,Stati Uniti d'America
0dXXFVCw0LKzmHFrTLUaQJ,Tito Torbellino Jr,Unknown
33ScadVnbm2X8kkUqOkC6Z,Don Omar,Stati Uniti d'America
4xx3PjUWxXY0qEXUdDhrwx,Miss Bolivia,Argentina
1H6X7yhnXZg73f9bssaj1Q,Judeline,Spagna
1tuNNda2SSH3o4lUms5K6C,Sebastian Esquivel,Messico
3Mcii5XWf6E0lrY3Uky4cA,Ice Cube,Stati Uniti d'America
4DxlG8gbthzgDeDZiywaoQ,Louchie Lou,Unknown
4zYi7nhOqLxJ9u2YE8Ysca,CNG,Unknown
0BqURncJM5B1BBu7UM51eq,Guaynaa,Stati Uniti d'America
7CLB24LNjPo8vY0BH8ymES,JhonnyX,Unknown
1XwiLNR93MJwbV5Akl9lyQ,Soyneel,Unknown
5H1nN1SzW0qNeUEZvuXjAj,Danny Ocean,Venezuela
4HJnsUVBubdKJ2aV0sr48u,Ape Drums,Stati Uniti d'America
0sXJRmgbjbq6Q5uu4W1wDM,Las Villa,Colombia
00me4Ke1LsvMxt5kydlMyU,cosculluela,Stati Uniti d'America
6GKbEjuVNKuuAKetDXA2Mi,Key Key,Honduras
2DlGxzQSjYe5N6G9nkYghR,Jennifer Lopez,Stati Uniti d'America
5U5wYVqrbD6J8SK4kNhau4,Kaleb Di Masi,Argentina
2LmcxBak1alK1bf7d1beTr,Juhn,Stati Uniti d'America
1r8tUG15NMJEj1j5NynES7,Banda La Costeña,Messico
3IEvQoAohcGX7CdrbtIle7,Baby Rasta & Gringo,Stati Uniti d'America
5FQJWdcKPAijmEi4uroZ4h,LEÏTI,Unknown
1vyhD5VmyZ7KMfW5gqLgo5,J Balvin,Colombia
7Kh6SBEGtFtqjYo5bN0ACG,Young Martino,Unknown
15gkNQT0p7OYVIJlzoNCo1,JM,Unknown
1XEVu7gdRFfzEFqsPrancH,rusowsky,Unknown
23TFHmajVfBtlRx5MXqgoz,Sfera Ebbasta,Italia
5fMUXHkw8R8eOP2RNVYEZX,Diplo,Stati Uniti d'America
02uL9GicfGlL4E427NFGDm,JKing,Unknown
3ppQEG71r7jVpI8RudzycF,OhGeesy,Stati Uniti d'America
3jFjgKOGfVLWfXX8q5wrsg,R.K.M. & Ken-Y,Porto Rico
3HPOnbuwLP2qlwWQ7cgxYW,Xantos,Unknown
12KipYva9312KrSBekytFE,Chuy Montana,Unknown
0PcocXclEkDNkUgsdMHL4s,Bles,Argentina
6sXu0pNqYJNlS46xqSwKxZ,Alcalde La Sonora,Unknown
1zadl0UA8O0AYeSoMauChk,Tino JJ,Unknown
7mWCSSOYqm4E9mB7V4ot6S,Miguel Bosé,Panama
1aWJsBQa67l72j1VT3D6Ow,Micro TDH,Venezuela
3HJq88k0us5XSJ4tD3J8RG,Jorsshh,Unknown
1vrahybrKylgwkjhbmOz94,Yera,Unknown
1gBHZ6j8W5Xs3t9gmvedJw,Oliva,Unknown
4uiEeT7dw0guTJ5CPMsX83,SHB,Unknown
2K5nCggbhSZ00YCYP5qkZS,Shiva,Italia
5J7rXWjtn5HzUkJ4Jet8Fr,Álvaro Díaz,Stati Uniti d'America
7ejyCwT1b7MIwHVCVO8HjX,Chita,Unknown
46K14JAfAHpxTSkb6KkFfN,Juicy BAE,Unknown
4lDzMjsz7xLw4CFmfWJmWJ,Capoxxo,Unknown
3i6lAgVHplDXb6zrjIeBeK,Kris R.,Unknown
1gJdf4Yybu4X5A2xYV3NMV,Eden Muñoz,Messico
0ltbviqVlCHhrg8vh9rcII,La Pauta Crew,Unknown
4HzKw8XcD0piJmDrrPRCYk,Majid Jordan,Unknown
7MP4jhYmFEgb0AtiOkw55s,Play-N-Skillz,Unknown
7DkseLyOZrdRjCuoWFtqFi,Edicion Especial,Messico
3CbYyyd8wH3RT6t0jwpdzC,Murda Beatz,Canada
6JkIfzAcnjeyUx6aQh3Pbi,Kele,Unknown
3hJDFvn5at14nstUHxTvaV,T.Y.S,Unknown
3S9Hg7sRKhmtWunFZ2yAYP,El Bogueto,Messico
3hTffafUYLLgO4yuPAxb5U,Lenin Ramírez,Messico
2ylQO8qFEBINvkNNZGe4uC,Omar Ruiz,Unknown
73uwZQQfha8JhNvBqVW1DL,Bryant LR,Unknown
2uXjfliPmAWgaiY2mSAdnj,Lalo Reyes,Unknown
1C5ow4APQX75JXTiHRU5fR,KolomB,Unknown
7A2xUGz3Mbq2tJdMfILN34,Mixed Matches,Unknown
7ouAPTZEzxcIOCYBLjH0NC,Fury,Stati Uniti d'America
4CQdcx66F116k2db2Y0rjE,Hades 66,Stati Uniti d'America
3c0gDdb9lhnHGFtP4prQpn,Katseye,Stati Uniti d'America
3VwKSHAfgzV1DOHV0aANCI,Tokimonsta,Stati Uniti d'America
15o9015fLMdtdULkGPBCqL,Jhonny Caz,Unknown
4C29ETLBPmYKYwtJUepbJz,Seven Kayne,Argentina
1F5KgWs6pawyDs5px23UIQ,Kail BRL,Unknown
5yo2KNGw3Z6a9n0Xiswb50,BROKIX,Unknown
7wOZy3KdFVVINgNFFxkxwO,Jerry Rivera,Stati Uniti d'America
07Hm9w6ksRaggaDBpN8RRd,0-600,Unknown
7Bb4i0RT3zaudzb8KvxTUQ,Amarion,Unknown
6kTecPO26Gxf7Vsk0Lk8OI,Banda Los Reales,Unknown
3rvluTyk2vmAj3dN1b0bw8,Angel Ureta,Unknown
7FWtti4FgQOvxvoB2Ycmmh,Awesome Pierre,Unknown
4NGOJedxkGWwkbB5QiSJd1,Jhay P,Unknown
3WMlRpW5JWuDI95TcEWt3r,Salastkbron,Argentina
2k74pCf0NdIPHGCpwocdxG,bosco herrero,Unknown
0Tyf4eMcgHNc7xTDFe9Yqs,TURY,Unknown
49jTY62Cpw3RYo4dLuG43W,Cian Ducrot,Irlanda
0Hkx0YcHHxDRRbH9WsSW0I,Marcianos Crew,Unknown
1BLB1WyIlAsBD2l6bQOEtN,Clandestino,Unknown
55EA5tfk6pyYA7L6Hgb5Nr,Joel Elizalde,Unknown
6hY8YED0fL89Il5yKkDhrm,SHARIF RAFAEL,Unknown
0FwnPHExlRRxEZPLAi5tmG,JC Reyes,Spagna
6Xgp2XMz1fhVYe7i6yNAax,Trippie Redd,Kenya
7bwjYGg7DOoLpV3AFK2Jmz,Catalyna,Unknown
5BwMgvRwlq61SmknvsVIQj,Rubén Blades,Panama
2p4aN0Uxkk3iT3HK0cJ2cJ,Tokischa,Repubblica Dominicana
5GcWBUX00IPuWVGMIRK1sS,Residente,Stati Uniti d'America
1HcAkAeL4xf02wzAnl7mIV,Michaël Brun,Haiti
3cseuYmozraz4XJn6nDo80,Marco Flores Y La Jerez,Unknown
540vIaP2JwjQb9dm3aArA4,DJ Snake,Stati Uniti d'America
07hvj5YPoKfFLJY6DxUhch,VGLY,Unknown
7sQ3Q6yYyg0SdpEezJN8UT,El Coyote Y Su Banda Tierra Santa,Unknown
4XYbaR6YgnY4Nb6kz250cu,Gera Demara,Unknown
2jSGzJw0ebJLu7OLVSOcBP,Plan B,Stati Uniti d'America
1m82A2YUjBaQnLAFi9vjJv,Poeta Callejero,Repubblica Dominicana
6Qhgat07PNOdnJSnCXJigu,千葉雄喜,Unknown
49YbNTLaaAbZHLtDI2aPGL,Tesher,Canada
4o0NtnL2m0lzZmEdRas1qv,Ovi,Cuba
0VWPsYCxl8HERwstSf4jsn,KAY KAY,Unknown
32YGQsNtuwyobFFnn8ikpe,Hijos De Barron,Unknown
7cjh6y0V9SsyCrWSXTzwOs,RBD,Messico
3E12tRURRvPfHz0hAMCFYc,Omar Courtz,Stati Uniti d'America
3oBZXbSQHXnxp9sWJcUT7j,Dylan Coronel,Unknown
7IUaYyqcGB3aU2Tm4s5JY8,Zxmyr,Unknown
2eEmsgWmUFMbtU7agJpnjY,Miranda!,Argentina
7A02nc5WKMBLqSKXxGZ4o8,Llane,Unknown
0KKUc4amZyvswV2YL6WTar,Mariah Angeliq,Stati Uniti d'America
1YmUDtVMLCpjypyu8gNJRc,Carlos Osuna,Unknown
7IiCm7VkqzW7vN0MY9AzHe,José Guicho,Unknown
0YWTSwecJ4cKrEQjrh46la,Evar,Unknown
6kPf6aO5cAHU2RJUDN1UUy,Beto Sierra,Unknown
10VBp06W8NIgMW4JruLCC4,Kidd Voodoo,Cile
2IhhVEifV7ntdvp2YmMIzg,Reboll333,Unknown
1b94FVTCNMq9gU78ByW6iY,Close Counters,Unknown
5fJsY7afrbsyzJj9wdzJMh,Tito el Bambino,Stati Uniti d'America
0K59Fm1y7s3j498ueS4qzY,Soledad Pastorutti,Argentina
41qil2VaGbD194gaEcmmyx,Will Smith,Stati Uniti d'America
7a0XAaPaK2aDSqa8p3QnC7,Beéle,Colombia
2mO8bWmorA4kDukv9Xbioj,Valerio Gaytán,Unknown
3z26llYP0dIzgnmUp2vSAw,Chris Palace,Unknown
48R2gYdPKtfnfKAzhSVPUx,Migrantes,Unknown
51XrH5fQP2oIQynuKxSWcW,Sky Rompiendo,Colombia
5X4LWwbUFNzPkEas04uU82,DVBBS,Canada
2BTS8Np1YzPQuXjgdlqsBB,Emanero,Bolivia
0XIKGBo9PnK1ApI5tZA60d,DaniLeigh,Stati Uniti d'America
360IAlyVv4PCEVjgyMZrxK,Miguel,Stati Uniti d'America
2Oc5k5AzcBOoH470jTgZzp,El Frizian,Unknown
3q7HBObVc0L8jNeTe5Gofh,50 Cent,Stati Uniti d'America
4axKuDPr6WKcDCyh8vueTY,Luar la L,Stati Uniti d'America
6yQqyQJiGD4UgKNE02P4Np,Square Houze,Unknown
6bpv92ES2Vcv2OKA3DAhgw,Joaquin Medina,Unknown
1Emea6iLt1X27HTatnL7oV,Ben Yart,Unknown
04gHmjV4hmiIrT3PHXlTbZ,LoLo,Unknown
4puAp107dCehraE47QXVQX,C.R.O,Argentina
20lftkHSXXaaNVpe3Y2W2J,Banda La Fugitiva De Mike Miramontes,Unknown
6nVcHLIgY5pE2YCl8ubca1,Jhayco,Stati Uniti d'America
6PH3FLQAxtqYy46Zv08bpV,Iván Cornejo,Stati Uniti d'America
5KSiZki8gCESiSq0z35Ald,Fantomel,Unknown
5EvFsr3kj42KNv97ZEnqij,Shaggy,Giamaica
5mgqYTU6dhKlEdi7DOy4uU,Alberto Stylee,Unknown
7BOLXRhKCofrP6ESS7Owuo,Lennox,Stati Uniti d'America
0y59o4v8uw5crbN9M3JiL1,Badshah,India
1pi7nGhOM7PTHR5YEgXVGq,Villano Antillano,Stati Uniti d'America
1uZVxckdGGKhFMpCnupXmP,Los Pleneros de la Cresta,Unknown
7GQDI5Vmxs92RsIRZzYT11,Pirlo 420,Colombia
76whng5pl9msPkkjFUtWYn,"Badillo, David Sánchez,",Stati Uniti d'America
2NfSBtmWe7oPw1EmetJVso,Boza,Panama
4PXThoWa6Eg0a1Cui7KJee,Willy Rodríguez,Cuba
3uQSc2G13vlxsMDBb92llt,Gerardo Mercado,Unknown
4vhNDa5ycK0ST968ek7kRr,Carlos Vives,Colombia
7keGfmQR4X5w0two1xKZ7d,Kungs,Francia
4RFrAp13K0fHKH7IpSdKxi,Eme Malafe,Messico
1ZM3GOPFXwiy6yVeY1FM3I,Kifykify,Unknown
0WI8OfWCRvK4nGHmKfFQmd,Alex Zurdo,Stati Uniti d'America
2KShewLkb92FKEZ6N4cVP9,Vanco,Unknown
6n28c9qs9hNGriNa72b26u,Pnau,Australia
4fQPqLk2LwWrrc6OBMzXZj,Uriel Gaxiola,Unknown
4sFGEHs1ufSWEmfpTDm3DM,Gustavo Palafox,Unknown
5AS4y4rlmbUYDCdg35qmI9,paopao,Unknown
1ZPwILALmE6ggDHUlphThb,Jan Paul,Unknown
4IC2X34tZmHG3VfTbpzvwL,Julianno Sosa,Cile
0ElbMDEefrgdxl0geuDPHn,Esto es ¡FA!,Unknown
1DA8SLXtp8MMVpgaOWzMQr,Chuy Lizárraga,Messico
3PAwspMN27PDm81WwXDsMf,Reykon,Colombia
6EcQO0oH1Bk27HMRlRNwYv,Mundialista Crew,Unknown
2o9qwAYrLQE4XxQ5uFnwC2,Montana,Unknown
0qTZZWLzuD59Un5r1speHm,Chris Jedi,Stati Uniti d'America
4kcQWQDK0u9AftVSpdrAgk,Luck Ra,Argentina
7qG3b048QCHVRO5Pv1T5lw,Enrique Iglesias,Spagna
7hJcb9fa4alzcOq3EaNPoG,Snoop Dogg,Stati Uniti d'America
4TKhxSkqClXrdtUWgKqHVU,Shallipopi,Nigeria
4LFOoXhMhnq9U8VsZkSwxl,Edwin Luna y La Trakalosa de Monterrey,Unknown
7rFHoDuiSlV0DGHxckjm89,Lia Kali,Spagna
7arK8QUX7X61NIkChn9no2,Horacio Palencia,Messico
3zXsxf39Mj3d96u8Seopdd,Carlos Caro,Unknown
6pJPxDgaE0H343SrASnY9J,Yesan 雪山,Argentina
0Y3agQaa6g2r0YmHPOO9rh,Davido,Stati Uniti d'America
03ZdCrkA0RaY3tslOLbSTl,Paula Prieto,Unknown
4V9bxYG2V2zVIt4nA8EbIc,1krazer,Unknown
1CLPoZyoqBo2z444JtmBAF,Lito y Polaco,Unknown
3D5AzlMCW0gCYlNvFANoEd,Mariachi Divas de Cindy Shea,Unknown
0B2e3wwBBGGuCR2hPOG70C,Opi,Unknown
4POeB6Dr0EsRigViBnsTgU,Fabianni,Unknown
79ehGac6casNGvc5n8XL7J,Arón Piper,Germania
0sBBxwOoorXakhmI8BVTC9,A Cien,Unknown
5UN0rzL594mWY2RbOtZqIN,Ptazeta,Spagna
0MSw8gYA4pujLZst10Zve8,JuicyNise,Unknown
00XhexlJEXQstHimpZN910,Brytiago,Stati Uniti d'America
0DubQNvKAkkXWIIC2jImhU,Elsidechain,Unknown
5MP9bH9aUryiKQeUvABLIU,A.B. Quintanilla,Stati Uniti d'America
6kq4GHwUcUojGIu0ziSNXf,Amenazzy,Repubblica Dominicana
4QVBYiagIaa6ZGSPMbybpy,Pedro Capó,Stati Uniti d'America
2F4frns4hNKyvqeueLq9Ze,CRTRAP OFICIAL,Unknown
3c1sTwL4HuWkrciiKHpnmx,Sparrow & Barbossa,Unknown
71b9o7hUamjlxnBq4h7bdQ,Yailemm,Unknown
3hK6sVmdFt15ORCDg503Yp,Said Norzagaray,Unknown
2zdRAu3PozCqPVqp8A4AtR,Joel Avila,Unknown
5Ln6VxkwRDdAH40Lel6Yj8,Nidia Gongora,Unknown
1vqR17Iv8VFdzure1TAXEq,Lit Killah,Argentina
5F1lZDYOxfcsSMEHF28hdH,AXL,Unknown
3ptY5WTxu77JpAQQnHyxEl,Yandar & Yostin,Unknown
4qDRNT8ldCfCjSp9lBzYC5,Joel De La P,Unknown
67s0oOKE73W45e5UawllhS,miguel cornejo,Unknown
1fux65HMCBvfJHqlBc4Nno,Casper Mágico,Stati Uniti d'America
0fEjMgQHvs06BQuWWzsbrn,Orodembow,Unknown
6C5H5G8EN1hu9N1wtOF5Wb,44 Kid,Unknown
4TAoP0f9OuWZUesao43xUW,Mr Eazi,Nigeria
0TfGwoeA3ZBISVA6uJ34nB,BAJO WEST 1708,Unknown
5O2rJN2gJncIfM5iNSNiYR,Delilah,Francia
5R3Hr2cnCCjt220Jmt2xLf,Dillon Francis,Stati Uniti d'America
2tSneO7PgprETUeUA8NfDH,Manuel Rodriguez,Unknown
59eMWEcg6fxHRhWb5rJbtM,Sorry My Love,Unknown
6tmdudtl1wM5WwTIqZX0WD,La Ventaja,Unknown
46pWGuE3dSwY3bMMXGBvVS,Rema,Nigeria
4grLz6b5fajQS4gF7fq3eg,Nixto,Unknown
0NGAZxHanS9e0iNHpR8f2W,Alok,Brasile
6ISKc7ev3V4EGnEagkXexc,ROBI,Unknown
5cTFbgW0bCLX6aqRgFGwso,Gallagher,Italia
5cDfQlhT80II3f2ECXm6oA,Chanell,Unknown
0b4EVanoJb8wkWF7QUA3uY,Sin Nombre,Unknown
0c173mlxpT3dSFRgMO8XPh,Big Sean,Stati Uniti d'America
40lro6xpFS9TxV2uC7yvs4,Leebrian,Unknown
29rvPhemBdOLYdLr2xI8dr,Six Sex,Argentina
0UWZUmn7sybxMCqrw9tGa7,Juanes,Colombia
38Zp4UKTgjSoGoto3WHBNr,Jenny la Sexy Voz,Stati Uniti d'America
2QWIScpFDNxmS6ZEMIUvgm,Julieta Venegas,Stati Uniti d'America
4dfJldGOpTXPBjw46bPzfx,Grupo H3,Unknown
59wfkuBoNyhDMQGCljbUbA,Sean Combs,Stati Uniti d'America
6JaOGIlSvYswVLPmGUheOO,GARABATTO,Unknown
3vXXs7JjWfPO0YHhDnj4SP,KARRAHBOOO,Unknown
1QcutbFtA6u8A2ZFTZuLSL,Panda Black,Unknown
2JW58Zzu11HCWLaMou9UGD,HERNAN TREJO,Unknown
4cYbf45YbZptNISnhay0xH,ROA,Unknown
6fMZytDgX1Q9OV6ndSugym,Akapellah,Venezuela
0OROVBEZCocg0FcgJpyBse,Alex Sensation,Unknown
3Apb2lGmGJaBmr0TTBJvIZ,Rusherking,Argentina
1rTUwYS38LkQTlT2fhikch,Yung Beef,Spagna
2rmkQLzj0k4nZdQehOUByO,Chino Pacas,Messico
5B2q0hvgjM3NbbKSmyylCQ,Wstuff,Unknown
4IMAo2UQchVFyPH24PAjUs,Jowell & Randy,Porto Rico
4ixNZvQuuzCDxBsxO9zE6L,Gonzy,Unknown
0akwFJC217vsXvFRi0Ns8v,Divino,Stati Uniti d'America
6jGMq4yGs7aQzuGsMgVgZR,Lil Tjay,Stati Uniti d'America
0mA4dkNGiN4fqTBi2SLlAv,Edgardo Nuñez,Unknown
6cNWiizYLCClZdnIvqU968,AriBeatz,Unknown
4bthk9UfsYUYdcFyqxmSUU,Tears for Fears,Regno Unito
7uGhSk7fVURjDaiXW1FSbL,La Maquinaria Norteña,Unknown
1cFbhpBwVwgOtTZWRqJCYZ,Kay Trashu,Unknown
5C4PDR4LnhZTbVnKWXuDKD,Morat,Messico
7xHUTO9cWJKX9ayS9CfMCz,Capo,Germania
2Atk4SWx7daQtItQBa735M,Yeri Mua,Messico
5jNjbQYkujIbjSvvKroBlv,Subelo NEO,Unknown
7a9gFzWS5uEHtbNNgA6xyM,D.OZi,Unknown
2oCrGFAUJwBVFaaIM8c0AO,Depresión Sonora,Spagna
2o5jDhtHVPhrJdv3cEQ99Z,Tiësto,Paesi Bassi
48zixAu4wMDZwpVbOenDU7,Grupo Cañaveral,Messico
3ZmK2d3zzoV1X60GmJqLRt,Estrada,Unknown
2ylJfwCn0qxYK0SGf2D6py,Onyx Toca El Piano,Unknown
2MRBDr0crHWE5JwPceFncq,Juan Gabriel,Messico
1tfhFc2Y8iplDKCteuXjCY,El Cherry Scom,Unknown
2x6kZekpNZMll7Uq3M6ar5,Hoke,Spagna
2eA8qotLYMUNzlnjL8blKT,Tru Comers,Unknown
2bMCqLC25iBaqp2gDYEgDT,Danay Suárez,Cuba
0EocQPg9ycs21gcvaVm9hh,Joss Favela,Messico
7G1pOSE6cde2iXenQsMMe3,TEDDY-O,Unknown
6v36LGGRNEleSpAd2zAeQL,Mks,Unknown
2TQ4CGgxxCWHqa9yYIGDoU,Big Soto,Venezuela
7kjSuFGKhLm8b5qXoMhRkJ,Libianca,Stati Uniti d'America
7o7FisMfKqVaysG1CSIWrr,Cory,Unknown
6cC67GpmPCjQjOYLpmOGhN,Dani Ribba,Argentina
0JIXcgS9piddymxPskwpIq,Chyno,Unknown
5yOvAmpIR7hVxiS6Ls5DPO,Omah Lay,Nigeria
3UTF2no3muGdiFXVujl94i,Kapo,Colombia
1xOk6ncnlNdMeSnLLLoMSa,Remp,Unknown
3Wb38LDP3N4tkobValgE9D,Juanka,Stati Uniti d'America
54seKvtsZauR1iauN0ptpo,De la Rose,Stati Uniti d'America
6FOpWOxsjQxKEbLiJpU1xV,India Martínez,Spagna
5OugQZ3PqgRofo9mtzVYN3,ERRE,Unknown
0l6WgSoqo4UqeuXFKnTQRu,Aldo Trujillo,Unknown
2FRfJyV85zb19tO6uiXBGl,sped up + slowed,Unknown
6pztqmUqWADMZQKrrmGWGx,Pablo Lescano,Argentina
14zUHaJZo1mnYtn6IBRaRP,Justin Quiles,Stati Uniti d'America
4yjm4SvYqC5FFuLbB6TyHr,Bellakath,Messico
348pk4o3EhKmsSahzuClSf,Ca7riel,Argentina
1u6AXgo5qmg0tfY8rDP18Z,Juliito,Unknown
7ltDVBr6mKbRvohxheJ9h1,Rosalía,Spagna
0y5H4Nr7bNWfBINIh8671t,Fresy Franklin,Unknown
5HeN1Iza4nZe03sFlonddz,Eugenio Esquivel,Messico
4ZdPHdArIbz2GSBXkozQYC,Los Esquivel,Messico
5ImyiP3jzpqv7a5Ig63j13,Esteban Gabriel,Unknown
6VOoiigTiLVgsMQPP1JOdC,Crissin,Unknown
1qto4hHid1P71emI6Fd8xi,Aventura,Repubblica Dominicana
2qbEtwBVyobgpNP5KcHE9J,Pusho,Stati Uniti d'America
4I9zVTnPvEI9OjajlRHRsK,Su Majestad Mi Banda el Mexicano de Casimiro,Unknown
0Y30TbA4p8SAfCzy2AFBa8,Yaviah,Unknown
5EQuMf3chH4yv7UPEiVIxx,Campedrinos,Unknown
4Ge9GwmWnOQsohwPTrXyHc,Gordo,Guatemala
7vxA5cu6OOhhgIymjrqRaQ,Turo Pacas,Unknown
0EmeFodog0BfCgMzAIvKQp,Shakira,Colombia
25uiPmTg16RbhZWAqwLBy5,Charli XCX,Regno Unito
1FxPMQ9A0882eNDx3ZkD6B,La T y La M,Unknown
28gNT5KBp7IjEOQoevXf9N,Camilo,Colombia
7cYik4OyfBXYV5Z2TI7p90,Farina Pao,Colombia
48vP5SxlTO6yOI7SLKIOQV,Obie Wanshot,Argentina
6Ip8FS7vWT1uKkJSweANQK,Dave,Regno Unito
4IndUOBCZYZg61557iq2A9,Maldy,Stati Uniti d'America
1PruL3P8slDEQAjSuOjuPd,Spiff TV,Unknown
4exLIFE8sISLr28sqG1qNX,Travis Barker,Stati Uniti d'America
0gNn4tpH0cKkJrGYhzCUxQ,3rajean,Unknown
4o3YJfgarCUSVyPH5HKRA5,Marlku,Unknown
3RtNN1VnooWEn3KQk03DUL,Noriel,Stati Uniti d'America
0V10XqRWsn8EGBwzCVAE7V,Legion RG,Unknown
1ykothWH0xl8drRyJWuw7I,Ñejo & Dálmata,Porto Rico
3MHaV05u0io8fQbZ2XPtlC,Prince Royce,Stati Uniti d'America
2v2UIkZpgupzvSNS9wicgV,Young Fatty,Unknown
5Y5TRrQiqgUO4S36tzjIRZ,Timbaland,Stati Uniti d'America
5o7fmoqHl79fzoCzeApdxm,Sticky M.A.,Unknown
7lQ0RJHYziDXtTeu9Ef8Wm,DimeWest,Unknown
3hHNp8Z01f4h9xtEoM4y3q,John Jay,Regno Unito
6E94QKXZv8BbO6QQJxcxLI,Daviles de Novelda,Unknown
4GP79lfzsxYXZn1HNu31Dj,Los Del Roble,Unknown
3u2W429W7BHf3rjbdHUir1,''El Obama'' Carlos Anderson,Unknown
0XK6kT7xcZAlcYrNjOgzJe,Carla Morrison,Messico
0Ln3BisQiL0t2w7bsmju75,Maria Blaya,Unknown
3BHSpo1fuUPXqRTsokxL6k,Jehza,Unknown
3bvfu2KAve4lPHrhEFDZna,Lola Índigo,Spagna
5oNgAs7j5XcBMzWv3HAnHG,DJ Drama,Stati Uniti d'America
0my6Pg4I28dVcZLSpAkqhv,El Fantasma,Messico
1A8aoDrchH5aefQYBCfpLv,Gabriela,Argentina
42LEQxfXLEuzdqorKBbUVN,Q131708607,Stati Uniti d'America
34QXLsWxq4VfVQFyUm4joW,Chyno Nyno,Unknown
4tm8CEdm4pkQsEh4jIr9Yp,Santa Fe Klan,Messico
680tleL97NcpJiib89V6UU,Esteban Rojas,Unknown
0y9rTsbpRAIIkDMP3DsNro,Novillos de la Sierra,Unknown
1ZbuFVK9SeRYrZfQLkNzah,Treintisiete,Unknown
7c0XG5cIJTrrAgEC3ULPiq,Ty Dolla Sign,Stati Uniti d'America
6lYtvXvhIdDJno8v2SpPkG,Doctor Culichi,Unknown
0vZ2W0xkBCHRGNkb8seYtQ,Jesus Payan,Unknown
2rAnv6brcXaglLZBB4XXEn,Nigo,Giappone
47G4aZmzN6mRtKCSoLoNDM,Endo,Unknown
0JfrGVffhKwF36QHW9HXOL,Shawny Binladen,Unknown
4KXIxHcPgLB1xiPXZHlqxf,BCA,Unknown
2Y6AtL4xQFvg8nroRM3ZV6,ODD MAMI,Unknown
2T1aUibqR2QC2sINIDQOAK,Mambo Kingz,Porto Rico
5CLkLBa8amfsdvs6b1R7Cv,Alejandro Buelna,Unknown
4RrXHNX7VXByhbgW4ONITY,Og Black,Unknown
4N1DN2tcz5u6FqREo6JX9x,Krizous,Unknown
4FccNTUrqnomg0QubVw9bF,John Jay,Regno Unito
2sfOYs479VgaVHNPJKyG4n,BlueFire,Unknown
5yYCc4KdgGsTDnOoSI45vj,Oscar Maydon,Unknown
77AiFEVeAVj2ORpC85QVJs,Steve Aoki,Stati Uniti d'America
2vZszD281Mt6bk3xL8Lhh1,Jr Torres,Unknown
2rMFPjySMqkgBajkLKL6zo,Lomiiel,Repubblica Dominicana
0QORPHk3wnOCjHpmDOZgfP,Alex Kyza,Unknown
7mXfsy3lF4kU0f2KTNKSr8,Corina Smith,Venezuela
7LiVklVR1325BIOqD9kykr,CLMD,Norvegia
7qGy8DUTeuBqoyN6gUf3gd,Mikey Barreneche,Unknown
6JoYL9QYbdgPb6EuE5J2pC,Gerardo Coronel,Unknown
26ySWzeJU0Z7k3PIS1oMsB,Chencho,Unknown
6XFITTl7cFTdopDY3lUdlY,J Álvarez,Stati Uniti d'America
2dlRleofo4idNGf8Ju9GTO,Travy Dev,Unknown
6w9ToX5slZ4uIdmD17hJ3c,Bryant Myers,Stati Uniti d'America
2OHKEe204spO7G7NcbeO2o,Ñejo,Stati Uniti d'America
3QJzdZJYIAcoET1GcfpNGi,Damian Marley,Giamaica
3EiLUeyEcA6fbRPSHkG5kb,De la Ghetto,Stati Uniti d'America
4GN1eZnMxHLMX8a7sBBbFc,Cuti y Roberto Carabajal,Unknown
2biH2I1TvZlIIIc5W14oIJ,Franco El Gorila,Stati Uniti d'America
6Gsh7oJoJ5EQUuQk0EhfWL,Malandro,Unknown
71scL1K5Nu1Z7FgBkg3Gjk,Tadu Vázquez,Unknown
3KedxarmBCyFBevnqQHy3P,Jessie Reyez,Canada
0mYDDBNR5KCRC68CkmeOJB,Nathan Galante,Unknown
7e8ljvie31q2e5w5tgDnvD,Ele d,Unknown
23DYJsw4uSCguIqiTIDtcN,Southside,Stati Uniti d'America
3pkc0OK2BmkQKZNgsa8lOc,Joaqo,Argentina
5LeiVcEnsZcwc133TUhJNW,Belinda,Spagna
4Fw6S1XIDNuw6dutII4SsZ,Keko Musik,Unknown
0Y5tJX1MQlPlqiwlOH1tJY,Travis Scott,Stati Uniti d'America
3J9eSTe3nQKjuMyoiO2XSi,Alejandro Armes,Unknown
2tYG2qpxONKldJ39D27Zbb,Alann Mora,Unknown
4IG1SDlwgNKzqTmjBrvY3K,Rei,Giappone
2zPvDg6LI6NHPQVQIESjfW,Lara91k,Unknown
5c1dsiPU62AjA50VwTPfoF,Big Deiv,Unknown
59i796WO8u13nx3QHDCrF9,Los De La Huerta,Unknown
5f7VJjfbwm532GiveGC0ZK,Lil Baby,Stati Uniti d'America
2LmoZUme24SWelkOHXzacB,Manuelvezz,Unknown
62QAb0gPUmewJ1MUvBFaYO,Los chuky,Unknown
2e5kXDvESsDPMyuQZ0qouH,Shootter Ledo,Unknown
0sNvI8p4fuICGGH0pOCxUT,Eich,Unknown
5T35GKZx6gSnEm06244qCp,donniedarko,Unknown
2sSGPbdZJkaSE2AbcGOACx,The Marías,Stati Uniti d'America
7Eu1txygG6nJttLHbZdQOh,Four Tet,Regno Unito
6cnl6Jz97730GUS8zEAK77,Los Plebes del Rancho de Ariel Camacho,Unknown
7awyvLSthqOcL5A3hnR1pf,Álex Gárgolas,Stati Uniti d'America
6TASDj2ogOKQptnxgEvrcP,Joel Alexis Muñoz Martínez,Stati Uniti d'America
4CksTDKT5UHEUxHEEu6sBH,Diem BB,Unknown
1mUJ5FdyqTx1UewE6z6imQ,Uziel Payan,Unknown
65jIUih0ZeTUJhSTRuYxpi,Omy de Oro,Stati Uniti d'America
7slfeZO9LsJbWgpkIoXBUJ,Ricky Martin,Stati Uniti d'America
3j4R4YNDy0bqJ2io0ieObP,iseekarlo,Unknown
1NV0aHpx1XWBilmEFTPOSz,Junior Osorio,Unknown
7Mu2VtGDLbzEvtGbc8i1Pl,Badguychapo,Unknown
5VKY4vo0U20tbsQi6OdH9o,Hanzel La H,Unknown
6twEaJ9RPRYiCmWapjG8xh,Tony Aguirre,Unknown
3tkILYz5xAd2Wq9lxeI9OW,Alejandro Fierro,Unknown
7FNnA9vBm6EKceENgCGRMb,Anitta,Brasile
0sISeGVb8SMEQGbI9DBfov,La Élite,Unknown
4ofR6MCxBBYuXCGkiQLCpm,Boniface,Unknown
4az97MtWmBQ5Db3GfDh9j9,Morad,Spagna
6os1temnovzJIEGRUmn3fG,BNYX®,Unknown
6GI52t8N5F02MxU0g5U69P,Carlos Santana,Messico
7n2wHs1TKAczGzO7Dd2rGr,Shawn Mendes,Canada
7ENXmnggvN0RX86PIdIfji,Elixir,Unknown
4mPVIQNhAAWQ00jvzMv9E0,I-Ace,Unknown
63X7mnpy2kfkDtltarrWD1,Sugarhill Ddot,Stati Uniti d'America
06SF4BIHG5xinTaS2x59qG,keyblayde808,Unknown
4J13m9IZh03PEhoxAxRhXO,Gerardo Ortíz,Stati Uniti d'America
3SUT1jjM5hzZj9TLfLZGIP,Tego Calderón,Stati Uniti d'America
0uxYECT7XqHNccQAg5Uhe4,Nico Valdi,Unknown
14CHVeJGrR5xgUGQFV5BVM,Fivio Foreign,Stati Uniti d'America
4toIblSAfEe7buSwNPRmaF,El Yaki,Unknown
1Qote9MpqMZluWzYGifZUg,Randy,Svezia
5fUua1kfdZhAopUPazcdC5,Alto Linaje,Unknown
62YF0FglEltB3CnVIjoko8,Ingratax,Messico
1c22GXH30ijlOfXhfLz9Df,Elvis Crespo,Stati Uniti d'America
2OhUNb01gLwygOizYvTm0e,oy9 grande,Argentina
1Xyo4u8uXC1ZmMpatF05PJ,The Weeknd,Canada
1112QrO6AoxnDFaksIbeN8,Mc,Unknown
1OBizG9nrnHJkrL9NjnWYN,Lucho SSJ,Argentina
7fq5dswPTNKcLD47Xhp9QX,ByMonkid,Unknown
1pPmIToKXyGdsCF6LmqLmI,Rich the Kid,Stati Uniti d'America
3J0BpFVUc9LeOIVeN5uNhU,Lauren Jauregui,Stati Uniti d'America
1r3tpVQ08jFAA2P4xzV5o4,Gaby Music,Stati Uniti d'America
5NenY2Jl9wwLRxf86go4Y8,Fran C,Unknown
6XTGKOV9jceQ6f67lnhpbF,Latin Mafia,Messico
5X8Uu9qHN3KXLH2Fws87LB,Anubiis,Stati Uniti d'America
4Ng3fh1nc5L04iXPL8vqc7,Best,Unknown
3AP96neoRZgep3w7wvhubP,Marconi Impara,Unknown
6p2442ymrT9lZEuCZJdYcH,Ivy Queen,Stati Uniti d'America
37MCoi4pcUf9EKsPXeuCqU,Tan Biónica,Argentina
1Db5GsIoVWYktPoD2nnPZZ,Gloria Trevi,Messico
3MrDVzg7ZXaYMyQmbDInr7,WIU,Brasile
43C3LVD6x8GLvputT34r6T,Steve Lean,Unknown
5XQWXnMwsvuvCPMneXUbsy,Marcianeke,Cile
0yqEvM2Huy4NWzhKK7hPFF,Nico Canada,Unknown
7sfl4Xt5KmfyDs2T3SVSMK,Lil Jon,Stati Uniti d'America
6WDM3vQTsUQ4pMBUhAlHQv,Jorge Morales El Jilguero,Unknown
0Zncosr79q01riJYbSBNA1,Turf,Unknown
3FvwVFWRyvxmLyVBO9nBmM,COLORS,Unknown
111WEufNVhB1lRCVHAqEve,José Mejía,Unknown
5vJg40S7jbzIIe6kEkouwY,El Bala,Unknown
22dFwJoRBV51ue5TGnC7Dt,Beny Jr,Marocco
2FmE1yzXXBWKlRiOl0AqD8,Zecca,Unknown
5zctI4wO9XSKS8XwcnqEHk,Lil Mosey,Stati Uniti d'America
6jPnjdXijpUoqWR4YTWDo3,Metalingüística,Unknown
6ElqtIfQsAkEYypgfJIjeK,DannyLux,Stati Uniti d'America
5xYNmNkaWRqu3e5F4UXME8,Alfredo Olivas,Messico
5vLOlJcOKe9DfBC5LeLpSs,Lucas Arnau,Colombia
1QBIsAL0onqKUjlO8Nl9IM,Alex Coppel,Unknown
1RyvyyTE3xzB2ZywiAwp0i,Future,Stati Uniti d'America
5mbxtnt9L2GGY2ebz6Xdew,Jaque Mate,Unknown
7j7bOkG9ZQncpAXyIJ2aUG,Delirious,Unknown
3Me35AWHCGqW4sZ7bWWJt1,Xavi,Stati Uniti d'America
6hoEOl9IznIMCpG5fyUS09,Djimon Hounsou,Unknown
5RpxZNS91QBBvRCPqvGTKs,Glizzy Gvng,Unknown
26XxGE8hLV1t9IYa8872lQ,Gianluca Vacchi,Unknown
0jeYkqwckGJoHQhhXwgzk3,Q106514732,Spagna
7yYwMLyDomWvLopr8vsJZK,Sabine,Arabia Saudita
1pgDilWYDWLoOgGjf1iHNu,Zion,Stati Uniti d'America
5npvUMe1CGnIhTX7OaLGVV,Ulices Chaidez,Unknown
0XwVARXT135rw8lyw1EeWP,Christian Nodal,Messico
1zNqQNIdeOUZHb8zbZRFMX,Swae Lee,Stati Uniti d'America
13IcxOeQD6jVtvtzCuDjX4,Amilkar Galaviz,Unknown
1y8spb5Thg0p5ybNtdk4tu,Jezzy,Unknown
35oGZihZclGoTVuICPXRP9,Q124052495,Cile
7nuTWfojdN0o8d7NGDo71U,Lil Geniuz,Unknown
7vXDAI8JwjW531ouMGbfcp,Martina Stoessel,Argentina
08erObvNX7rs7d4pbuaRCQ,Di Genius,Giamaica
2RdwBSPQiwcmiDo9kixcl8,Pharrell Williams,Stati Uniti d'America
4D75GcNG95ebPtNvoNVXhz,Afrojack,Suriname
1ZMJSCQw8DIefcLb1FIpY0,Dareyes de la Sierra,Messico
5y1mXGApE4lshXA10gQ0S3,Jovaan,Unknown
2QUvtLq6oQaX0LNsYY2fas,Cauty,Unknown
0bUZrFj7rstq07E4iAJHgZ,KC Lights,Unknown
55ru5B05MMBunM1tvH7Di6,Valentino Merlo,Unknown
7yCGrS6Xh3UngvY6Ad5sMJ,LEGADO 7,Unknown
32Aw9aJJoXXC1Vn3zqzJbQ,TV Noise,Paesi Bassi
3hpawnHbN5R65xVPnhJPFY,Dyan,Unknown
2IAxPmQzx2NuutHe7ta7gs,Bayron Fire,Unknown
64KEffDW9EtZ1y2vBYgq8T,Marshmello,Stati Uniti d'America
60n2WytJgR3JHkeqJxZQrm,Foking,Unknown
5Q81rlcTFh3k6DQJXPdsot,Mura Masa,Baliato di Guernsey
4WtortRM2EgZ8np6mwrnc2,Ovy On the Drums,Unknown
5iZfdXW7Tr4Th4MuqFeyIh,Julia Michaels,Stati Uniti d'America
1DxLCyH42yaHKGK3cl5bvG,María Becerra,Argentina
3nmaO18tcMzfrrR7sdJHnH,Drenchill,Portogallo
5uwa6tAMMfNbBFIHiI6NV4,W Sound,Unknown
0bcZsLQV8MCeU0ylWbw23p,Aqua VS,Unknown
4ArPQ1Opcksbbf3CPwEjWE,Emilee,Stati Uniti d'America
0qHbO3z6lgLE6ZYCkQBo1K,Lil Supa,Venezuela
2ayNSoKPCRAfjp6hQ76hRu,Nacho,Venezuela
2tYwhzzfvvDr29BbBFcHhB,Arthur Hanlon,Stati Uniti d'America
5hdhHgpxyniooUiQVaPxQ0,Nio García,Stati Uniti d'America
10yoMUJRhiYQXeSBqyckcK,Meño Segovia,Unknown
18dspUI6gqabm5XCC2RcUD,SOG,Unknown
1WMwuNKzEFtU6pPkdtryYS,Kendo Kaponi,Stati Uniti d'America
2wkoKEfS6dXwThbyTnZWFU,Mau y Ricky,Venezuela
5dHeVV4GJVmQwEWqqOuB8v,Juanchito,Unknown
4VVEpEhC8NcR7AqNEds42U,Chimbala,Repubblica Dominicana
2IKdK6PbitvCiXt1t2bPU6,Mesita,Uruguay
128ftF9X7Kd7Di2fq3wYVs,Jamby El Favo,Unknown
1yxSLGMDHlW21z4YXirZDS,Black Eyed Peas,Stati Uniti d'America
2Gxaf60UDXKrmcIhEjULSk,Davus,Unknown
4nDoRrQiYLoBzwC5BhVJzF,Camila Cabello,Messico
40XLXsvXDPJuQ6adeK9zh7,Max Peraza,Unknown
014WIDx7H4BRCHB1faiisK,Los Tucanes De Tijuana,Unknown
3L3OkLK1GPNoYh649m3nh7,DJ Saot ST,Unknown
1uaiSMIzlh2Y6Fx4bC1c6s,Los G4,Unknown
31W5EY0aAly4Qieq6OFu6I,A Boogie wit da Hoodie,Stati Uniti d'America
0MoaBi6dSquXp6rrlqlF8R,Buscabulla,Unknown
70u0ytxL7TpF1Kdc2HFyM2,Alex Torres,Stati Uniti d'America
2f0j8IhXgOli2Ub2amAiUZ,Midnvght,Cuba
1iblTHYdU8q8t8nH4sHl8A,Franux BB,Unknown
5Y3MV9DZ0d87NnVm56qSY1,Tiago PZK,Argentina
4Wcscw7z9AAE6y7qWdIAin,Dylan Fuentes,Colombia
2HPaUgqeutzr3jx5a9WyDV,PartyNextDoor,Canada
5CAruGjgds3QlF5ICtEnnc,Jairo Vera,Unknown
1y6tVxTqgNfqxTayfohSKJ,Lucho RK,Unknown
7DzqOghrDEW0vlJxZXaeLj,Julieta Gracián,Spagna
4a0UP5sUQGKcn2QJnqMT0t,Tony Tun Tun,Stati Uniti d'America
61SktdmRAfMcOEv4eQBqwf,Haze,Germania
4DMkrFIqGXLycc4YLYTn1i,Tiagz,Canada
39hfuTf4PHfnHgIl0QBDGL,AKRIILA,Unknown
2jF8vkWrLA8GPPwMcnvhSr,Angel Almaguer,Unknown
3WUe8ADT5d65WeByR3ubl7,Vanessa Mai,Germania
3TKCdsX8yNNoiC1gesn6or,Ronny J,Stati Uniti d'America
5qPRgWcEOGRzoIST0sHAiI,Ángel Dior,Repubblica Dominicana
3A4wpNVgD1v07jIbFQBVTr,Jimmy Guzman,Unknown
17SY5q1CMOZJBRuPcKWwPI,J Abdiel,Stati Uniti d'America
4PzYKhC14sTJNEr0dzoo0d,Luísa Sonza,Brasile
4Esb8jfP35nF3O85C0jgKC,Gadiel,Unknown
4boI7bJtmB1L3b1cuL75Zr,Mon Laferte,Cile
3ScIigEm9KZUrUQtXzBmKJ,Cozy Cuz,Unknown
3vohGR9Ee8zkl7UpgPLGT9,Radamel,Unknown
3k9GPiGAtIAOfnfzzy3XQp,Estevie,Unknown
0T8Ix53aIN4F7aEKj4EnKy,Jasiel Nuñez,Unknown
2H5XfIuAQCXmaIDm7vcViA,Benji La Maldita Escritura De Oro,Unknown
0k7Xl1pqI3tu8sSEjo5oEg,Paul Wall,Stati Uniti d'America
7pPXGzCvbBcNABfCfb66bL,Mejiias,Unknown
5QdEbQJ3ylBnc3gsIASAT5,G Herbo,Stati Uniti d'America
0bslv0fksKPyiH3LQqHagi,Zell,Unknown
55IzEzlyUcBFqGgyam2Seo,Underaiki,Unknown
3Z4dagwEl134FhOVlYvjt5,SOMBRA PR,Unknown
5CA5IqbsFr4hpNLdjgO0BU,DJ Tao,Unknown
2RON3ZWvFVAHpiJA74KNHj,La Exce,Unknown
0j8QSBQZ9MNSGjHr1Vll1R,Natalia Jiménez,Spagna
2CCgb0KApjfQDuTppovpf8,Rvfv,Spagna
03y4yOxhLk6MDJ1bV424uO,Lavern,Unknown
0ssx5sZQzc1nZZF2Ks8qXZ,Grupo Maximo Grado,Unknown
0Jo06O68y5JjVgiPbAR9Ox,Agarrate Catalina,Unknown